"","link","page","ad_url","ad_number"
"1","https://www.gumtree.co.za/s-road-bikes/v1c9801p1page-1/v1c9801p1",1,"https://www.gumtree.co.za/a-road-bikes/tokai/argon-e-118-tt-bike-includes-indoor-trainer/10011710720971010020116909",1
"2","https://www.gumtree.co.za/s-road-bikes/v1c9801p1page-1/v1c9801p1",1,"https://www.gumtree.co.za/a-road-bikes/stellenbosch/raleigh-bicycle-20inch/10011735516651010194845709",2
"3","https://www.gumtree.co.za/s-road-bikes/v1c9801p1page-1/v1c9801p1",1,"https://www.gumtree.co.za/a-road-bikes/melville/brand-new-electric-scooter-trike-bike-e-scooter/10011534295101011290350009",3
"4","https://www.gumtree.co.za/s-road-bikes/v1c9801p1page-1/v1c9801p1",1,"https://www.gumtree.co.za/a-road-bikes/stellenbosch/girls-bicycle-24-34-giant-225/10011735317941010769562409",4
"5","https://www.gumtree.co.za/s-road-bikes/v1c9801p1page-1/v1c9801p1",1,"https://www.gumtree.co.za/a-road-bikes/bloemfontein/scott-speedster-road-bike-r-10-000/10011735228451010040262609",5
"6","https://www.gumtree.co.za/s-road-bikes/v1c9801p1page-1/v1c9801p1",1,"https://www.gumtree.co.za/a-road-bikes/tokai/schwinn-fastback-al-road-bike/10010811718251011247410409",6
"7","https://www.gumtree.co.za/s-road-bikes/v1c9801p1page-1/v1c9801p1",1,"https://www.gumtree.co.za/a-road-bikes/west-beach/almost-new-avalanche-cruz-88-beach-cruiser+-awesome-looking/10011734985621010010625409",7
"8","https://www.gumtree.co.za/s-road-bikes/v1c9801p1page-1/v1c9801p1",1,"https://www.gumtree.co.za/a-road-bikes/port-elizabeth/raleigh-airborne-bmx/10011734861851013082852709",8
"9","https://www.gumtree.co.za/s-road-bikes/v1c9801p1page-1/v1c9801p1",1,"https://www.gumtree.co.za/a-road-bikes/athlone/racing-bicycle-for-sale/10011734837931010007551309",9
"10","https://www.gumtree.co.za/s-road-bikes/v1c9801p1page-1/v1c9801p1",1,"https://www.gumtree.co.za/a-road-bikes/bedfordview/raleigh-rc2000/1009879434320912827825609",10
"11","https://www.gumtree.co.za/s-road-bikes/v1c9801p1page-1/v1c9801p1",1,"https://www.gumtree.co.za/a-road-bikes/richards-bay/bicycle-raleigh/10011734748071010175263109",11
"12","https://www.gumtree.co.za/s-road-bikes/v1c9801p1page-1/v1c9801p1",1,"https://www.gumtree.co.za/a-road-bikes/tokai/2017-giant-fastroad-slr-1-road-bike/10010811681361011247410409",12
"13","https://www.gumtree.co.za/s-road-bikes/v1c9801p1page-1/v1c9801p1",1,"https://www.gumtree.co.za/a-road-bikes/durbanville/tt-triathlon-ironman-aero-bars-and-shifters/10011733899291010035009309",13
"14","https://www.gumtree.co.za/s-road-bikes/v1c9801p1page-1/v1c9801p1",1,"https://www.gumtree.co.za/a-road-bikes/northgate/2020-scott-carbon-addict-bike-for-sale-+-excellent-condition/10011733897041010165635909",14
"15","https://www.gumtree.co.za/s-road-bikes/v1c9801p1page-1/v1c9801p1",1,"https://www.gumtree.co.za/a-road-bikes/fish-hoek/vintage-bicycle/10011733848041010443218809",15
"16","https://www.gumtree.co.za/s-road-bikes/v1c9801p1page-1/v1c9801p1",1,"https://www.gumtree.co.za/a-road-bikes/plumstead/cannondale-caad-8/10011733817961012444732509",16
"17","https://www.gumtree.co.za/s-road-bikes/v1c9801p1page-1/v1c9801p1",1,"https://www.gumtree.co.za/a-road-bikes/kenilworth/carbon-stevens-road-bike-m/10011733565921010869536809",17
"18","https://www.gumtree.co.za/s-road-bikes/v1c9801p1page-1/v1c9801p1",1,"https://www.gumtree.co.za/a-road-bikes/kenilworth/carbon-scott-cr1-team-road-bike-m/10011733569851010869536809",18
"19","https://www.gumtree.co.za/s-road-bikes/v1c9801p1page-1/v1c9801p1",1,"https://www.gumtree.co.za/a-road-bikes/kenilworth/carbon-cervelo-tt-bike-m/10011733564191010869536809",19
"20","https://www.gumtree.co.za/s-road-bikes/v1c9801p1page-1/v1c9801p1",1,"https://www.gumtree.co.za/a-road-bikes/kenilworth/carbon-raleigh-road-bike-xs/10011733570061010869536809",20
"21","https://www.gumtree.co.za/s-road-bikes/v1c9801p1page-1/v1c9801p1",1,"https://www.gumtree.co.za/a-road-bikes/harrismith/trek-emonda-alr-52cm-with-trainer/10011733354281012638243009",21
"22","https://www.gumtree.co.za/s-road-bikes/v1c9801p1page-2/v1c9801p2",2,"https://www.gumtree.co.za/a-road-bikes/roodepoort/triandrun-road-bike-10spd-campagnolo-51cm-aluminum-frame-campag-khamsin-wheels-carbon-fork/10011733204401010307236409",22
"23","https://www.gumtree.co.za/s-road-bikes/v1c9801p1page-2/v1c9801p2",2,"https://www.gumtree.co.za/a-road-bikes/tokai/2020-trek-emonda-sl5-disc-56cm-h2/10011450106571011247410409",23
"24","https://www.gumtree.co.za/s-road-bikes/v1c9801p1page-2/v1c9801p2",2,"https://www.gumtree.co.za/a-road-bikes/knysna/20-inch-raleigh-boys-bicycle-r600/10011732924591013080402709",24
"25","https://www.gumtree.co.za/s-road-bikes/v1c9801p1page-2/v1c9801p2",2,"https://www.gumtree.co.za/a-road-bikes/glenwood/orbea-zeus-road-bike/10011732583841010752231909",25
"26","https://www.gumtree.co.za/s-road-bikes/v1c9801p1page-2/v1c9801p2",2,"https://www.gumtree.co.za/a-road-bikes/west-beach/as-new-schwinn-s1-beach-cruiser-with-white-wall-tyres-in-beautiful-condition/10011732555111010010625409",26
"27","https://www.gumtree.co.za/s-road-bikes/v1c9801p1page-2/v1c9801p2",2,"https://www.gumtree.co.za/a-road-bikes/pinetown/trojan-shape-200-exercise-bike/10011732450171010105778009",27
"28","https://www.gumtree.co.za/s-road-bikes/v1c9801p1page-2/v1c9801p2",2,"https://www.gumtree.co.za/a-road-bikes/velddrif/children-bicycle-16-34-totem/10011732008761010176926609",28
"29","https://www.gumtree.co.za/s-road-bikes/v1c9801p1page-2/v1c9801p2",2,"https://www.gumtree.co.za/a-road-bikes/somerset-west/giant-trinity-c1-time-trial-bike/10011378363871010005047309",29
"30","https://www.gumtree.co.za/s-road-bikes/v1c9801p1page-2/v1c9801p2",2,"https://www.gumtree.co.za/a-road-bikes/bergvliet/tandem-bicycle-raleigh-t6000-xl-m/10011730648661010079472109",30
"31","https://www.gumtree.co.za/s-road-bikes/v1c9801p1page-2/v1c9801p2",2,"https://www.gumtree.co.za/a-road-bikes/eastern-pretoria/totem-c404/10011730288151011079364109",31
"32","https://www.gumtree.co.za/s-road-bikes/v1c9801p1page-2/v1c9801p2",2,"https://www.gumtree.co.za/a-road-bikes/northern-pretoria/brand-new-girl-bike/10011421393281010376561309",32
"33","https://www.gumtree.co.za/s-road-bikes/v1c9801p1page-2/v1c9801p2",2,"https://www.gumtree.co.za/a-road-bikes/kempton-park/dedacciai-carbon-road-bike/10011730037701010021048709",33
"34","https://www.gumtree.co.za/s-road-bikes/v1c9801p1page-2/v1c9801p2",2,"https://www.gumtree.co.za/a-road-bikes/berea-musgrave/felt-fc-full-carbon-road-bike/10011730037271010008731709",34
"35","https://www.gumtree.co.za/s-road-bikes/v1c9801p1page-2/v1c9801p2",2,"https://www.gumtree.co.za/a-road-bikes/port-elizabeth/zipp-wheels-with-wheelbag/10011729368551011440631809",35
"36","https://www.gumtree.co.za/s-road-bikes/v1c9801p1page-2/v1c9801p2",2,"https://www.gumtree.co.za/a-road-bikes/strand/ladies-scott-bicycle/10011728709701010918638209",36
"37","https://www.gumtree.co.za/s-road-bikes/v1c9801p1page-2/v1c9801p2",2,"https://www.gumtree.co.za/a-road-bikes/milnerton/ladies-classic-bicycle-for-sale/10011728474461011283199209",37
"38","https://www.gumtree.co.za/s-road-bikes/v1c9801p1page-2/v1c9801p2",2,"https://www.gumtree.co.za/a-road-bikes/port-elizabeth/pinarello-dogma-60-1-size-s/10011728070251010963915409",38
"39","https://www.gumtree.co.za/s-road-bikes/v1c9801p1page-2/v1c9801p2",2,"https://www.gumtree.co.za/a-road-bikes/hibiscus-coast/galvani-a2b-electric-bicycle/10011727569901012485148109",39
"40","https://www.gumtree.co.za/s-road-bikes/v1c9801p1page-2/v1c9801p2",2,"https://www.gumtree.co.za/a-road-bikes/margate/2013-canam-commander/10011727566231012485148109",40
"41","https://www.gumtree.co.za/s-road-bikes/v1c9801p1page-2/v1c9801p2",2,"https://www.gumtree.co.za/a-road-bikes/brackenfell/merida-juliet-901-road-race-light-small/10011664277921012630807209",41
"42","https://www.gumtree.co.za/s-road-bikes/v1c9801p1page-3/v1c9801p3",3,"https://www.gumtree.co.za/a-road-bikes/hatfield/a-s-gillott-bicycle/10011468968921012628956609",42
"43","https://www.gumtree.co.za/s-road-bikes/v1c9801p1page-3/v1c9801p3",3,"https://www.gumtree.co.za/a-road-bikes/port-elizabeth/bicycle-+-ladies-schwinn-cruiser/10011726962261010197071209",43
"44","https://www.gumtree.co.za/s-road-bikes/v1c9801p1page-3/v1c9801p3",3,"https://www.gumtree.co.za/a-road-bikes/noordhoek/bicycle-+-ad-posted-by-gremedonna/10011726823231010028851009",44
"45","https://www.gumtree.co.za/s-road-bikes/v1c9801p1page-3/v1c9801p3",3,"https://www.gumtree.co.za/a-road-bikes/salt-river/bicycle-avalanche-for-sale/10011726092301011063090409",45
"46","https://www.gumtree.co.za/s-road-bikes/v1c9801p1page-3/v1c9801p3",3,"https://www.gumtree.co.za/a-road-bikes/george/edelweiss-german-folding-bicycle/10011726021471011100577609",46
"47","https://www.gumtree.co.za/s-road-bikes/v1c9801p1page-3/v1c9801p3",3,"https://www.gumtree.co.za/a-road-bikes/somerset-west/silverback-strela-road-bike/10011725695661012399663409",47
"48","https://www.gumtree.co.za/s-road-bikes/v1c9801p1page-3/v1c9801p3",3,"https://www.gumtree.co.za/a-road-bikes/pietermaritzburg/2nd-hand-bicycle/10011725468551012872231209",48
"49","https://www.gumtree.co.za/s-road-bikes/v1c9801p1page-3/v1c9801p3",3,"https://www.gumtree.co.za/a-road-bikes/johannesburg-south/electric-bicycle/10011725252711010005162209",49
"50","https://www.gumtree.co.za/s-road-bikes/v1c9801p1page-3/v1c9801p3",3,"https://www.gumtree.co.za/a-road-bikes/lansdowne/avalanche-antix-20-girls-bike/10011725084561012863045109",50
"51","https://www.gumtree.co.za/s-road-bikes/v1c9801p1page-3/v1c9801p3",3,"https://www.gumtree.co.za/a-road-bikes/hout-bay/black-electric-bicycle/10011660331941013075792009",51
"52","https://www.gumtree.co.za/s-road-bikes/v1c9801p1page-3/v1c9801p3",3,"https://www.gumtree.co.za/a-road-bikes/west-beach/as-new-schwinn-s1-beach-cruiser-in-beautiful-condition/10011724939771010010625409",52
"53","https://www.gumtree.co.za/s-road-bikes/v1c9801p1page-3/v1c9801p3",3,"https://www.gumtree.co.za/a-road-bikes/claremont-newlands/bicycle-for-argus-cycle-tour/10011562179811011023263709",53
"54","https://www.gumtree.co.za/s-road-bikes/v1c9801p1page-3/v1c9801p3",3,"https://www.gumtree.co.za/a-road-bikes/crawford/imported-vintage-dutch-bicycles-from-holland-and-uk-+from/1006250390130910232698409",54
"55","https://www.gumtree.co.za/s-road-bikes/v1c9801p1page-3/v1c9801p3",3,"https://www.gumtree.co.za/a-road-bikes/pinelands/avalanche-bella-donna-cruiser-ladies-bike/10011724425141010913743009",55
"56","https://www.gumtree.co.za/s-road-bikes/v1c9801p1page-3/v1c9801p3",3,"https://www.gumtree.co.za/a-road-bikes/port-elizabeth/giant-bicycle/10011724321141010217278809",56
"57","https://www.gumtree.co.za/s-road-bikes/v1c9801p1page-3/v1c9801p3",3,"https://www.gumtree.co.za/a-road-bikes/kuils-river/road-bike/10011723787171013081860209",57
"58","https://www.gumtree.co.za/s-road-bikes/v1c9801p1page-3/v1c9801p3",3,"https://www.gumtree.co.za/a-road-bikes/bethlehem/bicycle-+-ad-posted-by-ntsoaki-motloung/10011723741251013039889009",58
"59","https://www.gumtree.co.za/s-road-bikes/v1c9801p1page-3/v1c9801p3",3,"https://www.gumtree.co.za/a-road-bikes/boksburg/finalized-estate-+-for-sale-used-pedal-cycles-in-good-condition/10011652474801013075331709",59
"60","https://www.gumtree.co.za/s-road-bikes/v1c9801p1page-3/v1c9801p3",3,"https://www.gumtree.co.za/a-road-bikes/other/avalanche-21-speed-bike/10011201945341010232825709",60
"61","https://www.gumtree.co.za/s-road-bikes/v1c9801p1page-3/v1c9801p3",3,"https://www.gumtree.co.za/a-road-bikes/west-beach/as-new-avalanche-cruz-88-beach-cruiser+-used-twice-almost-new-awesome-looking/10011722898921010010625409",61
"62","https://www.gumtree.co.za/s-road-bikes/v1c9801p1page-4/v1c9801p4",4,"https://www.gumtree.co.za/a-road-bikes/west-beach/as-new-schwinn-s1-beach-cruiser-with-white-wall-tyresin-beautiful-condition/10011722915171010010625409",62
"63","https://www.gumtree.co.za/s-road-bikes/v1c9801p1page-4/v1c9801p4",4,"https://www.gumtree.co.za/a-road-bikes/midrand/road-racing-bike/10011722717041012796663509",63
"64","https://www.gumtree.co.za/s-road-bikes/v1c9801p1page-4/v1c9801p4",4,"https://www.gumtree.co.za/a-road-bikes/randfontein/giant-momentum-espresso/10011722530781010168921809",64
"65","https://www.gumtree.co.za/s-road-bikes/v1c9801p1page-4/v1c9801p4",4,"https://www.gumtree.co.za/a-road-bikes/grassy-park/avalanche-charge-10-2020-bicycle/10011722129121010799172609",65
"66","https://www.gumtree.co.za/s-road-bikes/v1c9801p1page-4/v1c9801p4",4,"https://www.gumtree.co.za/a-road-bikes/brackenfell/bicycle-road-racing/1006344183550910195915309",66
"67","https://www.gumtree.co.za/s-road-bikes/v1c9801p1page-4/v1c9801p4",4,"https://www.gumtree.co.za/a-road-bikes/other/netherland-mobiel-trek-x400/10011721513741012583168609",67
"68","https://www.gumtree.co.za/s-road-bikes/v1c9801p1page-4/v1c9801p4",4,"https://www.gumtree.co.za/a-road-bikes/durbanville/giant-tcr-c1-full-carbon-ultegra-mavic-road-bicycle/10011721465271013030122009",68
"69","https://www.gumtree.co.za/s-road-bikes/v1c9801p1page-4/v1c9801p4",4,"https://www.gumtree.co.za/a-road-bikes/constantia-kloof/racer-aluminium-frame-carbon-fork-shimano-ultegra-group-set/1003555108040910002524809",69
"70","https://www.gumtree.co.za/s-road-bikes/v1c9801p1page-4/v1c9801p4",4,"https://www.gumtree.co.za/a-road-bikes/constantia-kloof/racing-bike-+-carbon-fork-ultegra-group-set/1002301682650910002524809",70
"71","https://www.gumtree.co.za/s-road-bikes/v1c9801p1page-4/v1c9801p4",4,"https://www.gumtree.co.za/a-road-bikes/crawford/imported-vintage-sparta-miami-3-speed-+-r/10010027649261010232698409",71
"72","https://www.gumtree.co.za/s-road-bikes/v1c9801p1page-4/v1c9801p4",4,"https://www.gumtree.co.za/a-road-bikes/midrand/beautiful-cervelo-r3-road-bike-for-sale/10011720718221010026390709",72
"73","https://www.gumtree.co.za/s-road-bikes/v1c9801p1page-4/v1c9801p4",4,"https://www.gumtree.co.za/a-road-bikes/crawford/on-sale-custom-motorised-felt-chopper-new-100cc-engine-+-r/10011553147511010232698409",73
"74","https://www.gumtree.co.za/s-road-bikes/v1c9801p1page-4/v1c9801p4",4,"https://www.gumtree.co.za/a-road-bikes/west-beach/as-new-schwinn-s1-beach-cruiser-with-white-wall-tyres/10011720143941010010625409",74
"75","https://www.gumtree.co.za/s-road-bikes/v1c9801p1page-4/v1c9801p4",4,"https://www.gumtree.co.za/a-road-bikes/west-beach/as-new-avalanche-cruz-88-beach-cruiser+-used-twice/10011720155121010010625409",75
"76","https://www.gumtree.co.za/s-road-bikes/v1c9801p1page-4/v1c9801p4",4,"https://www.gumtree.co.za/a-road-bikes/grassy-park/2-x-20inch-bikes/10011720099591010007210509",76
"77","https://www.gumtree.co.za/s-road-bikes/v1c9801p1page-4/v1c9801p4",4,"https://www.gumtree.co.za/a-road-bikes/durbanville/giant-tcr-composite/10011719597991013039371709",77
"78","https://www.gumtree.co.za/s-road-bikes/v1c9801p1page-4/v1c9801p4",4,"https://www.gumtree.co.za/a-road-bikes/port-elizabeth/giant-ocr-3-road-bike-r4000-negotiable/10011719514511012398193909",78
"79","https://www.gumtree.co.za/s-road-bikes/v1c9801p1page-4/v1c9801p4",4,"https://www.gumtree.co.za/a-road-bikes/port-elizabeth/specialized-road-bike-r4000-negotiable/10011719516261012398193909",79
"80","https://www.gumtree.co.za/s-road-bikes/v1c9801p1page-4/v1c9801p4",4,"https://www.gumtree.co.za/a-road-bikes/athlone/giant-bike-for-sale/10011550109611012543054109",80
"81","https://www.gumtree.co.za/s-road-bikes/v1c9801p1page-4/v1c9801p4",4,"https://www.gumtree.co.za/a-road-bikes/durbanville/bicycle-16-inch/10011452116921012722788809",81
"82","https://www.gumtree.co.za/s-road-bikes/v1c9801p1page-5/v1c9801p5",5,"https://www.gumtree.co.za/a-road-bikes/durbanville/peugeot-tandem-bicycle/10011719399601010947181909",82
"83","https://www.gumtree.co.za/s-road-bikes/v1c9801p1page-5/v1c9801p5",5,"https://www.gumtree.co.za/a-road-bikes/crawford/motorised-stingray-schwinn-chopper-occ-new-80cc-motor-+-r/10011647664881010232698409",83
"84","https://www.gumtree.co.za/s-road-bikes/v1c9801p1page-5/v1c9801p5",5,"https://www.gumtree.co.za/a-road-bikes/randpark-ridge/shimano-cyclie-shoes-and-look-pedals/10011719266231012858334109",84
"85","https://www.gumtree.co.za/s-road-bikes/v1c9801p1page-5/v1c9801p5",5,"https://www.gumtree.co.za/a-road-bikes/constantia/scott-speedsters-road-bike/10011719002871010031352409",85
"86","https://www.gumtree.co.za/s-road-bikes/v1c9801p1page-5/v1c9801p5",5,"https://www.gumtree.co.za/a-road-bikes/other/carrera-carbon-road-frame-bic/10011718908781013035115009",86
"87","https://www.gumtree.co.za/s-road-bikes/v1c9801p1page-5/v1c9801p5",5,"https://www.gumtree.co.za/a-road-bikes/lansdowne/giant-liv-beach-cruiser/10011718720421010958263109",87
"88","https://www.gumtree.co.za/s-road-bikes/v1c9801p1page-5/v1c9801p5",5,"https://www.gumtree.co.za/a-road-bikes/queensburgh/bycicle-+-ad-posted-by-vinesh/10011718475131010178814609",88
"89","https://www.gumtree.co.za/s-road-bikes/v1c9801p1page-5/v1c9801p5",5,"https://www.gumtree.co.za/a-road-bikes/centurion/newest-3-0-54cm-road-bike/10011717865321012850525209",89
"90","https://www.gumtree.co.za/s-road-bikes/v1c9801p1page-5/v1c9801p5",5,"https://www.gumtree.co.za/a-road-bikes/pinetown/gt-bmx-for-sale/10011717388381010006453209",90
"91","https://www.gumtree.co.za/s-road-bikes/v1c9801p1page-5/v1c9801p5",5,"https://www.gumtree.co.za/a-road-bikes/fourways/signal-bike-16inch/10011717151991010937627809",91
"92","https://www.gumtree.co.za/s-road-bikes/v1c9801p1page-5/v1c9801p5",5,"https://www.gumtree.co.za/a-road-bikes/paarl/bicycle-+-ad-posted-by-anneri-vermeulen/10011716945271012672668809",92
"93","https://www.gumtree.co.za/s-road-bikes/v1c9801p1page-5/v1c9801p5",5,"https://www.gumtree.co.za/a-road-bikes/eastern-pretoria/bicycle-+-ladies/10011715779401012483210209",93
"94","https://www.gumtree.co.za/s-road-bikes/v1c9801p1page-5/v1c9801p5",5,"https://www.gumtree.co.za/a-road-bikes/eastern-pretoria/bicycle-kids-+-still-available/10011715626881012483210209",94
"95","https://www.gumtree.co.za/s-road-bikes/v1c9801p1page-5/v1c9801p5",5,"https://www.gumtree.co.za/a-road-bikes/crawford/imported-pre+owned-carrera-virtuoso-light-aluminium-road-bike-+-r4500/10011715543811010232698409",95
"96","https://www.gumtree.co.za/s-road-bikes/v1c9801p1page-5/v1c9801p5",5,"https://www.gumtree.co.za/a-road-bikes/other/bmx-bike-like-new/10011715302311010042463609",96
"97","https://www.gumtree.co.za/s-road-bikes/v1c9801p1page-5/v1c9801p5",5,"https://www.gumtree.co.za/a-road-bikes/chatsworth/bicycle-+-ad-posted-by-dolly-moodley/10011714898561013080592609",97
"98","https://www.gumtree.co.za/s-road-bikes/v1c9801p1page-5/v1c9801p5",5,"https://www.gumtree.co.za/a-road-bikes/city-centre/titan-california-racing-cruiser-26in-mens-bike-excellent-condition/10011430228711012396591209",98
"99","https://www.gumtree.co.za/s-road-bikes/v1c9801p1page-5/v1c9801p5",5,"https://www.gumtree.co.za/a-road-bikes/city-centre/imported-electra-7d-townie-step+through-24in/10011507482931012396591209",99
"100","https://www.gumtree.co.za/s-road-bikes/v1c9801p1page-5/v1c9801p5",5,"https://www.gumtree.co.za/a-road-bikes/stellenbosch/johnny-loco-three-speed-cruiser-bicycle/10011713853581010825528409",100
"101","https://www.gumtree.co.za/s-road-bikes/v1c9801p1page-5/v1c9801p5",5,"https://www.gumtree.co.za/a-road-bikes/claremont-newlands/bicycle-rook/10011713743681010037849809",101
"102","https://www.gumtree.co.za/s-road-bikes/v1c9801p1page-6/v1c9801p6",6,"https://www.gumtree.co.za/a-road-bikes/tableview/motorcross-bike-motorbike-helmet/10011713722241011293119409",102
"103","https://www.gumtree.co.za/s-road-bikes/v1c9801p1page-6/v1c9801p6",6,"https://www.gumtree.co.za/a-road-bikes/durbanville/cannondale-supersix/10011713617981013039371709",103
"104","https://www.gumtree.co.za/s-road-bikes/v1c9801p1page-6/v1c9801p6",6,"https://www.gumtree.co.za/a-road-bikes/benoni/axis-caprice-24-inch-mtb/10011713262321011262617509",104
"105","https://www.gumtree.co.za/s-road-bikes/v1c9801p1page-6/v1c9801p6",6,"https://www.gumtree.co.za/a-road-bikes/century-city/raleigh-20-bike+-a40305/10011713070841012454362409",105
"106","https://www.gumtree.co.za/s-road-bikes/v1c9801p1page-6/v1c9801p6",6,"https://www.gumtree.co.za/a-road-bikes/wynberg-plumstead/bicycle-for-sale/10011712874011012683277009",106
"107","https://www.gumtree.co.za/s-road-bikes/v1c9801p1page-6/v1c9801p6",6,"https://www.gumtree.co.za/a-road-bikes/berea-musgrave/avalanche-eways-commuter-electric-bike/10011712787001010008731709",107
"108","https://www.gumtree.co.za/s-road-bikes/v1c9801p1page-6/v1c9801p6",6,"https://www.gumtree.co.za/a-road-bikes/other/hover-board-with-seat-an-charger/10011712531101013079138709",108
"109","https://www.gumtree.co.za/s-road-bikes/v1c9801p1page-6/v1c9801p6",6,"https://www.gumtree.co.za/a-road-bikes/northern-pretoria/avalanche-dv8-trick-bicycle/10011712020231012644967709",109
"110","https://www.gumtree.co.za/s-road-bikes/v1c9801p1page-6/v1c9801p6",6,"https://www.gumtree.co.za/a-road-bikes/northern-pretoria/raleigh-m155-mountainsport-bicycle-for-kiddies/10011711981191012644967709",110
"111","https://www.gumtree.co.za/s-road-bikes/v1c9801p1page-6/v1c9801p6",6,"https://www.gumtree.co.za/a-road-bikes/caledon/raleigh-rc2000/10011711893141010418727709",111
"112","https://www.gumtree.co.za/s-road-bikes/v1c9801p1page-6/v1c9801p6",6,"https://www.gumtree.co.za/a-road-bikes/parow/fizik-adrea-bicycle-saddle-r450/10011711466841011277196409",112
"113","https://www.gumtree.co.za/s-road-bikes/v1c9801p1page-6/v1c9801p6",6,"https://www.gumtree.co.za/a-road-bikes/other/byclices-+-ad-posted-by-megeshan-moodley/10011711009191012995292509",113
"114","https://www.gumtree.co.za/s-road-bikes/v1c9801p1page-6/v1c9801p6",6,"https://www.gumtree.co.za/a-road-bikes/pietermaritzburg/e+bike-tricycle-for-sale/10011710808511010374690409",114
"115","https://www.gumtree.co.za/s-road-bikes/v1c9801p1page-6/v1c9801p6",6,"https://www.gumtree.co.za/a-road-bikes/fourways/beautiful-blue-giant-road-bicycle-xmas-special/10011710813001010377556809",115
"116","https://www.gumtree.co.za/s-road-bikes/v1c9801p1page-6/v1c9801p6",6,"https://www.gumtree.co.za/a-road-bikes/tokai/argon-e-118-tt-bike-includes-indoor-trainer/10011710720971010020116909",116
"117","https://www.gumtree.co.za/s-road-bikes/v1c9801p1page-6/v1c9801p6",6,"https://www.gumtree.co.za/a-road-bikes/alberton/swift-aeronaut-time-trail-tt-bicycle/10011710540731010030364909",117
"118","https://www.gumtree.co.za/s-road-bikes/v1c9801p1page-6/v1c9801p6",6,"https://www.gumtree.co.za/a-road-bikes/glencairn/scott-cr1-team-carbon/10011710510671011174354709",118
"119","https://www.gumtree.co.za/s-road-bikes/v1c9801p1page-6/v1c9801p6",6,"https://www.gumtree.co.za/a-road-bikes/honeydew/axis-bicycle-for-sale-price-reduced/10011710090611013079799409",119
"120","https://www.gumtree.co.za/s-road-bikes/v1c9801p1page-6/v1c9801p6",6,"https://www.gumtree.co.za/a-road-bikes/crawford/imported-pre+owned-vintage-1980s-sears-3-speed-+-r/10011432480431010232698409",120
"121","https://www.gumtree.co.za/s-road-bikes/v1c9801p1page-6/v1c9801p6",6,"https://www.gumtree.co.za/a-road-bikes/george/ktm-strada-road-bike/10011709803981011465960209",121
"122","https://www.gumtree.co.za/s-road-bikes/v1c9801p1page-7/v1c9801p7",7,"https://www.gumtree.co.za/a-road-bikes/midrand/totem-mojo-20-inch-bicycle/10010753412061010157268909",122
"123","https://www.gumtree.co.za/s-road-bikes/v1c9801p1page-7/v1c9801p7",7,"https://www.gumtree.co.za/a-road-bikes/durban-north/bicycle-+-ad-posted-by-suren-mahabir/10011630489851011284120209",123
"124","https://www.gumtree.co.za/s-road-bikes/v1c9801p1page-7/v1c9801p7",7,"https://www.gumtree.co.za/a-road-bikes/bryanston/bianchi-aria-105-carbon-road-bike/10011707704211010775563009",124
"125","https://www.gumtree.co.za/s-road-bikes/v1c9801p1page-7/v1c9801p7",7,"https://www.gumtree.co.za/a-road-bikes/meadowridge/bicycle-scott-racer/10011707273031011158646209",125
"126","https://www.gumtree.co.za/s-road-bikes/v1c9801p1page-7/v1c9801p7",7,"https://www.gumtree.co.za/a-road-bikes/brackenfell/bicycle-for-sale-avalanche-antix-20-39/10011707225051013079901609",126
"127","https://www.gumtree.co.za/s-road-bikes/v1c9801p1page-7/v1c9801p7",7,"https://www.gumtree.co.za/a-road-bikes/vereeniging/im-selling-a-bmx-stunt-bike/10011707027011012917009909",127
"128","https://www.gumtree.co.za/s-road-bikes/v1c9801p1page-7/v1c9801p7",7,"https://www.gumtree.co.za/a-road-bikes/walkerville/limited-edition-trek-1000-roadbike-39-alpha+series-39-bicycle/10011706502161010167426209",128
"129","https://www.gumtree.co.za/s-road-bikes/v1c9801p1page-7/v1c9801p7",7,"https://www.gumtree.co.za/a-road-bikes/parow/schwinn-fastback-7000-road-bike/10011416630321012898106309",129
"130","https://www.gumtree.co.za/s-road-bikes/v1c9801p1page-7/v1c9801p7",7,"https://www.gumtree.co.za/a-road-bikes/midrand/boys-outdoor-bike/10011706362821010067749309",130
"131","https://www.gumtree.co.za/s-road-bikes/v1c9801p1page-7/v1c9801p7",7,"https://www.gumtree.co.za/a-road-bikes/parow/pumps-special-only-r50-00-each-one/1009965784600910003211009",131
"132","https://www.gumtree.co.za/s-road-bikes/v1c9801p1page-7/v1c9801p7",7,"https://www.gumtree.co.za/a-road-bikes/edgemead/axis-ar50-bicycle/10011705493591010010500009",132
"133","https://www.gumtree.co.za/s-road-bikes/v1c9801p1page-7/v1c9801p7",7,"https://www.gumtree.co.za/a-road-bikes/pietermaritzburg/old-bike-machine/10011705191821010250187409",133
"134","https://www.gumtree.co.za/s-road-bikes/v1c9801p1page-7/v1c9801p7",7,"https://www.gumtree.co.za/a-road-bikes/midrand/gary-fisher-hybrid-bike/10011705169321010166022509",134
"135","https://www.gumtree.co.za/s-road-bikes/v1c9801p1page-7/v1c9801p7",7,"https://www.gumtree.co.za/a-road-bikes/other/rims-+-ad-posted-by-sbongiseni-majola/10011704742061013019681209",135
"136","https://www.gumtree.co.za/s-road-bikes/v1c9801p1page-7/v1c9801p7",7,"https://www.gumtree.co.za/a-road-bikes/durbanville/macdonalds-26inch-bicycle/10011704221761012490592109",136
"137","https://www.gumtree.co.za/s-road-bikes/v1c9801p1page-7/v1c9801p7",7,"https://www.gumtree.co.za/a-road-bikes/other/new-bicycles/10011704222131010007328309",137
"138","https://www.gumtree.co.za/s-road-bikes/v1c9801p1page-7/v1c9801p7",7,"https://www.gumtree.co.za/a-road-bikes/midrand/ktm-strada-800-l/10011704151361011300025509",138
"139","https://www.gumtree.co.za/s-road-bikes/v1c9801p1page-7/v1c9801p7",7,"https://www.gumtree.co.za/a-road-bikes/crawford/variety-of-pre+owned-adult-foldup-bicycles-from-r3500/10011704001851010232698409",139
"140","https://www.gumtree.co.za/s-road-bikes/v1c9801p1page-7/v1c9801p7",7,"https://www.gumtree.co.za/a-road-bikes/plumstead/focus-bicycle/10011703865821010171599409",140
"141","https://www.gumtree.co.za/s-road-bikes/v1c9801p1page-7/v1c9801p7",7,"https://www.gumtree.co.za/a-road-bikes/port-elizabeth/bike-for-girls-r550/10011703478251010922615209",141
"142","https://www.gumtree.co.za/s-road-bikes/v1c9801p1page-8/v1c9801p8",8,"https://www.gumtree.co.za/a-road-bikes/bergvliet/le-jeune-025sl-super-competition-road-bike/10011703315881012097738209",142
"143","https://www.gumtree.co.za/s-road-bikes/v1c9801p1page-8/v1c9801p8",8,"https://www.gumtree.co.za/a-road-bikes/johannesburg-south/kids-16-34-bicycle/10011703268921011412507109",143
"144","https://www.gumtree.co.za/s-road-bikes/v1c9801p1page-8/v1c9801p8",8,"https://www.gumtree.co.za/a-road-bikes/crawford/vintage-6-speed-foldup-bicycle-with-centre-shock-+-r/10011522788491010232698409",144
"145","https://www.gumtree.co.za/s-road-bikes/v1c9801p1page-8/v1c9801p8",8,"https://www.gumtree.co.za/a-road-bikes/alberton/felt-f85-road-bike/10011702766351013079181009",145
"146","https://www.gumtree.co.za/s-road-bikes/v1c9801p1page-8/v1c9801p8",8,"https://www.gumtree.co.za/a-road-bikes/northcliff/kids-muna-12-34-balance-bike/10011702731931010067650509",146
"147","https://www.gumtree.co.za/s-road-bikes/v1c9801p1page-8/v1c9801p8",8,"https://www.gumtree.co.za/a-road-bikes/claremont-newlands/2016-isaac-kaon-full-carbon/10011701756071010001088909",147
"148","https://www.gumtree.co.za/s-road-bikes/v1c9801p1page-8/v1c9801p8",8,"https://www.gumtree.co.za/a-road-bikes/rondebosch/trek-800-sport-bicycle/10011701563781011256798309",148
"149","https://www.gumtree.co.za/s-road-bikes/v1c9801p1page-8/v1c9801p8",8,"https://www.gumtree.co.za/a-road-bikes/athlone/raleigh-rc-3000-roadbike/10011701464831011397939709",149
"150","https://www.gumtree.co.za/s-road-bikes/v1c9801p1page-8/v1c9801p8",8,"https://www.gumtree.co.za/a-road-bikes/crawford/vintage-bicycle/10011701422401010089669109",150
"151","https://www.gumtree.co.za/s-road-bikes/v1c9801p1page-8/v1c9801p8",8,"https://www.gumtree.co.za/a-road-bikes/milnerton/titan-stryker-comp-2021/10011701416321011186957009",151
"152","https://www.gumtree.co.za/s-road-bikes/v1c9801p1page-8/v1c9801p8",8,"https://www.gumtree.co.za/a-road-bikes/other-eastern-cape/mountain-bike-for-sale-29er/10011700990841010815533809",152
"153","https://www.gumtree.co.za/s-road-bikes/v1c9801p1page-8/v1c9801p8",8,"https://www.gumtree.co.za/a-road-bikes/johannesburg-south/orbea-road-bike/10011700974051010003592209",153
"154","https://www.gumtree.co.za/s-road-bikes/v1c9801p1page-8/v1c9801p8",8,"https://www.gumtree.co.za/a-road-bikes/fourways/bmx-haro-bike/10011700846821013050691609",154
"155","https://www.gumtree.co.za/s-road-bikes/v1c9801p1page-8/v1c9801p8",8,"https://www.gumtree.co.za/a-road-bikes/century-city/colnago-superissimo-road-bike-circa-1980s/10011700507451010241101309",155
"156","https://www.gumtree.co.za/s-road-bikes/v1c9801p1page-8/v1c9801p8",8,"https://www.gumtree.co.za/a-road-bikes/crawford/raleigh-rc2000-47inch-+-r4000/10011618516691010176428609",156
"157","https://www.gumtree.co.za/s-road-bikes/v1c9801p1page-8/v1c9801p8",8,"https://www.gumtree.co.za/a-road-bikes/rustenburg/merida-reacto-5000-lampre-limited-2017/10011424554841010025392009",157
"158","https://www.gumtree.co.za/s-road-bikes/v1c9801p1page-8/v1c9801p8",8,"https://www.gumtree.co.za/a-road-bikes/port-elizabeth/cycling-indoor-home-trainer/10011699935701012760718609",158
"159","https://www.gumtree.co.za/s-road-bikes/v1c9801p1page-8/v1c9801p8",8,"https://www.gumtree.co.za/a-road-bikes/wellington/giant-carbon-bike/10011699868731010971342709",159
"160","https://www.gumtree.co.za/s-road-bikes/v1c9801p1page-8/v1c9801p8",8,"https://www.gumtree.co.za/a-road-bikes/parow/road-bicycle/10011699802781011057413109",160
"161","https://www.gumtree.co.za/s-road-bikes/v1c9801p1page-8/v1c9801p8",8,"https://www.gumtree.co.za/a-road-bikes/durbanville/macdonalds-26inch-bicycle/10011617315981012490592109",161
"162","https://www.gumtree.co.za/s-road-bikes/v1c9801p1page-9/v1c9801p9",9,"https://www.gumtree.co.za/a-road-bikes/kuils-river/bicycle-for-sale/10011699355181010007141609",162
"163","https://www.gumtree.co.za/s-road-bikes/v1c9801p1page-9/v1c9801p9",9,"https://www.gumtree.co.za/a-road-bikes/blue-downs/20-inch-mongoose-bicycle-for-sale/10011699207451011490372309",163
"164","https://www.gumtree.co.za/s-road-bikes/v1c9801p1page-9/v1c9801p9",9,"https://www.gumtree.co.za/a-road-bikes/berea-musgrave/starter-for-go-kart/10011698995621012855679109",164
"165","https://www.gumtree.co.za/s-road-bikes/v1c9801p1page-9/v1c9801p9",9,"https://www.gumtree.co.za/a-road-bikes/kempton-park/bmw-bike-2019-model-on-sale/10011698581771013062044809",165
"166","https://www.gumtree.co.za/s-road-bikes/v1c9801p1page-9/v1c9801p9",9,"https://www.gumtree.co.za/a-road-bikes/bluff/gt-road-bike/10011697550511010174738509",166
"167","https://www.gumtree.co.za/s-road-bikes/v1c9801p1page-9/v1c9801p9",9,"https://www.gumtree.co.za/a-road-bikes/randburg/haro-2-bmx/10011423512911010431421409",167
"168","https://www.gumtree.co.za/s-road-bikes/v1c9801p1page-9/v1c9801p9",9,"https://www.gumtree.co.za/a-road-bikes/alberton/urgent-sale-ckt-alco+1-full-carbon-with-shimano-rims-continental-gator-skin-tyres-105-gearset/10011608119721013073511009",168
"169","https://www.gumtree.co.za/s-road-bikes/v1c9801p1page-9/v1c9801p9",9,"https://www.gumtree.co.za/a-road-bikes/pietermaritzburg/raleigh-atomic-20in-bicycle-for-sale/10010720521511010052228009",169
"170","https://www.gumtree.co.za/s-road-bikes/v1c9801p1page-9/v1c9801p9",9,"https://www.gumtree.co.za/a-road-bikes/kempton-park/peugeot-road-bike-for-sale/10011695857531011156500309",170
"171","https://www.gumtree.co.za/s-road-bikes/v1c9801p1page-9/v1c9801p9",9,"https://www.gumtree.co.za/a-road-bikes/eastern-pretoria/moto-bike-accesories/10010582149451013003113909",171
"172","https://www.gumtree.co.za/s-road-bikes/v1c9801p1page-9/v1c9801p9",9,"https://www.gumtree.co.za/a-road-bikes/west-beach/as-new-avalanche-cruz-88-beach-cruiser+-used-twice/10011694361341010010625409",172
"173","https://www.gumtree.co.za/s-road-bikes/v1c9801p1page-9/v1c9801p9",9,"https://www.gumtree.co.za/a-road-bikes/west-beach/as-new-schwinn-s1-beach-cruiser-with-white-wall-tyres/10011694348931010010625409",173
"174","https://www.gumtree.co.za/s-road-bikes/v1c9801p1page-9/v1c9801p9",9,"https://www.gumtree.co.za/a-road-bikes/diep-river/giant-tcr-advanced-sl-isp-2012/10010523634261012748598009",174
"175","https://www.gumtree.co.za/s-road-bikes/v1c9801p1page-9/v1c9801p9",9,"https://www.gumtree.co.za/a-road-bikes/other/bmx-bike/10011693517351012549725709",175
"176","https://www.gumtree.co.za/s-road-bikes/v1c9801p1page-9/v1c9801p9",9,"https://www.gumtree.co.za/a-road-bikes/city-centre/girl-bicycle/10011693338421010057205209",176
"177","https://www.gumtree.co.za/s-road-bikes/v1c9801p1page-9/v1c9801p9",9,"https://www.gumtree.co.za/a-road-bikes/morningside/scott-cr1-full-carbon/10011693117951012456340009",177
"178","https://www.gumtree.co.za/s-road-bikes/v1c9801p1page-9/v1c9801p9",9,"https://www.gumtree.co.za/a-road-bikes/somerset-west/bh-g6-aero-pro/10011693013441011454278009",178
"179","https://www.gumtree.co.za/s-road-bikes/v1c9801p1page-9/v1c9801p9",9,"https://www.gumtree.co.za/a-road-bikes/centurion/bicycle-for-sale/10011692503211012794918809",179
"180","https://www.gumtree.co.za/s-road-bikes/v1c9801p1page-9/v1c9801p9",9,"https://www.gumtree.co.za/a-road-bikes/bedfordview/specialized-transition-a1-elite-road-bicycle-small/10011204065571010009066809",180
"181","https://www.gumtree.co.za/s-road-bikes/v1c9801p1page-9/v1c9801p9",9,"https://www.gumtree.co.za/a-road-bikes/port-elizabeth/fuji-series-2-frame/10011691803381012831410209",181
"182","https://www.gumtree.co.za/s-road-bikes/v1c9801p1page-10/v1c9801p10",10,"https://www.gumtree.co.za/a-road-bikes/edenvale/girls-avalanche-bicycle-20-inch-incl-helmet/10011094566231011121025609",182
"183","https://www.gumtree.co.za/s-road-bikes/v1c9801p1page-10/v1c9801p10",10,"https://www.gumtree.co.za/a-road-bikes/gillitts/bicycles-+-ad-posted-by-mike-dewar/10011512736931010413394909",183
"184","https://www.gumtree.co.za/s-road-bikes/v1c9801p1page-10/v1c9801p10",10,"https://www.gumtree.co.za/a-road-bikes/gillitts/vintage-bicycle/10011689822951010413394909",184
"185","https://www.gumtree.co.za/s-road-bikes/v1c9801p1page-10/v1c9801p10",10,"https://www.gumtree.co.za/a-road-bikes/melville/silverback-road-bike-56cm-large-frame/10011689481921010254642609",185
"186","https://www.gumtree.co.za/s-road-bikes/v1c9801p1page-10/v1c9801p10",10,"https://www.gumtree.co.za/a-road-bikes/brackenfell/ktm-+-ad-posted-by-andre-domingo/10011689442321012833704109",186
"187","https://www.gumtree.co.za/s-road-bikes/v1c9801p1page-10/v1c9801p10",10,"https://www.gumtree.co.za/a-road-bikes/bloemfontein/merida-race-bicycle/10011496472071012521745709",187
"188","https://www.gumtree.co.za/s-road-bikes/v1c9801p1page-10/v1c9801p10",10,"https://www.gumtree.co.za/a-road-bikes/plumstead/giant-road-bike/10011689259381010803084009",188
"189","https://www.gumtree.co.za/s-road-bikes/v1c9801p1page-10/v1c9801p10",10,"https://www.gumtree.co.za/a-road-bikes/johannesburg-south/girls-raleigh-bmx/10011689104731010012459909",189
"190","https://www.gumtree.co.za/s-road-bikes/v1c9801p1page-10/v1c9801p10",10,"https://www.gumtree.co.za/a-road-bikes/sunninghill/star-trac-spin-bike/10011689037001010750616409",190
"191","https://www.gumtree.co.za/s-road-bikes/v1c9801p1page-10/v1c9801p10",10,"https://www.gumtree.co.za/a-road-bikes/edenvale/mongoose-leagon-l500/10011687411931012550888909",191
"192","https://www.gumtree.co.za/s-road-bikes/v1c9801p1page-10/v1c9801p10",10,"https://www.gumtree.co.za/a-road-bikes/edenvale/spinning-bike/10011687276521010002042309",192
"193","https://www.gumtree.co.za/s-road-bikes/v1c9801p1page-10/v1c9801p10",10,"https://www.gumtree.co.za/a-road-bikes/tableview/motorcross-bike-motorbike-helmet/10011687199281011293119409",193
"194","https://www.gumtree.co.za/s-road-bikes/v1c9801p1page-10/v1c9801p10",10,"https://www.gumtree.co.za/a-road-bikes/foreshore/american-classic-wheels/10011686384171010033871609",194
"195","https://www.gumtree.co.za/s-road-bikes/v1c9801p1page-10/v1c9801p10",10,"https://www.gumtree.co.za/a-road-bikes/fish-hoek/bmc-ssx-streetfire-road-bike/10011686232281011041856009",195
"196","https://www.gumtree.co.za/s-road-bikes/v1c9801p1page-10/v1c9801p10",10,"https://www.gumtree.co.za/a-road-bikes/durbanville/girls-bicycle/10011686185701010037412509",196
"197","https://www.gumtree.co.za/s-road-bikes/v1c9801p1page-10/v1c9801p10",10,"https://www.gumtree.co.za/a-road-bikes/george/shimano-deore-bicycle-pedals/10011686143901012970275209",197
"198","https://www.gumtree.co.za/s-road-bikes/v1c9801p1page-10/v1c9801p10",10,"https://www.gumtree.co.za/a-road-bikes/kirstenhof/shimano-105-chainring/10011685766631013077319409",198
"199","https://www.gumtree.co.za/s-road-bikes/v1c9801p1page-10/v1c9801p10",10,"https://www.gumtree.co.za/a-road-bikes/grassy-park/wanted-1970s-1980s-1990s-vintage-old-school-bmx-i-am-not-selling/10011685991721010002909509",199
"200","https://www.gumtree.co.za/s-road-bikes/v1c9801p1page-10/v1c9801p10",10,"https://www.gumtree.co.za/a-road-bikes/kempton-park/orbea-road-bicycle-for-sale/10011685630141011345390009",200
"201","https://www.gumtree.co.za/s-road-bikes/v1c9801p1page-10/v1c9801p10",10,"https://www.gumtree.co.za/a-road-bikes/other/specialized-ruby-comp-s/10011685421761013006360109",201
"202","https://www.gumtree.co.za/s-road-bikes/v1c9801p1page-11/v1c9801p11",11,"https://www.gumtree.co.za/a-road-bikes/durbanville/scott-speedster-cr+1/10011685007671013039371709",202
"203","https://www.gumtree.co.za/s-road-bikes/v1c9801p1page-11/v1c9801p11",11,"https://www.gumtree.co.za/a-road-bikes/port-elizabeth/raleigh-burner-35-year-anniversary-edition/10011684368561010410390509",203
"204","https://www.gumtree.co.za/s-road-bikes/v1c9801p1page-11/v1c9801p11",11,"https://www.gumtree.co.za/a-road-bikes/crawford/imported-vintage-gazelle-solide-3-speed-+-r/10011180788241010232698409",204
"205","https://www.gumtree.co.za/s-road-bikes/v1c9801p1page-11/v1c9801p11",11,"https://www.gumtree.co.za/a-road-bikes/other/basso-road-bike-fir-sale-+-size-56/10011684101961012684883409",205
"206","https://www.gumtree.co.za/s-road-bikes/v1c9801p1page-11/v1c9801p11",11,"https://www.gumtree.co.za/a-road-bikes/bellville/vintage-trento-3-speed/10011684095751013077271809",206
"207","https://www.gumtree.co.za/s-road-bikes/v1c9801p1page-11/v1c9801p11",11,"https://www.gumtree.co.za/a-road-bikes/clare-hills/totem-racer-20-34-bicycle-urgent-sale/10011683514371012953965609",207
"208","https://www.gumtree.co.za/s-road-bikes/v1c9801p1page-11/v1c9801p11",11,"https://www.gumtree.co.za/a-road-bikes/hout-bay/bmx-bike/10011683513041010042529509",208
"209","https://www.gumtree.co.za/s-road-bikes/v1c9801p1page-11/v1c9801p11",11,"https://www.gumtree.co.za/a-road-bikes/other/bmx-bike/10011683477671013076814909",209
"210","https://www.gumtree.co.za/s-road-bikes/v1c9801p1page-11/v1c9801p11",11,"https://www.gumtree.co.za/a-road-bikes/port-elizabeth/limited-edition-mongoose-bmx/10011683241081010410390509",210
"211","https://www.gumtree.co.za/s-road-bikes/v1c9801p1page-11/v1c9801p11",11,"https://www.gumtree.co.za/a-road-bikes/fish-hoek/bmc-ssx-streetfire-road-bike/10011683059051011041856009",211
"212","https://www.gumtree.co.za/s-road-bikes/v1c9801p1page-11/v1c9801p11",11,"https://www.gumtree.co.za/a-road-bikes/west-beach/as-new-schwinn-s1-beach-cruiser+-single-speed-back-pedal+-white-wall-tyres/10011681204141010010625409",212
"213","https://www.gumtree.co.za/s-road-bikes/v1c9801p1page-11/v1c9801p11",11,"https://www.gumtree.co.za/a-road-bikes/west-beach/as-new-avalanche-cruz88-beach-cruiser/10011681198351010010625409",213
"214","https://www.gumtree.co.za/s-road-bikes/v1c9801p1page-11/v1c9801p11",11,"https://www.gumtree.co.za/a-road-bikes/pietermaritzburg/bianchi-bicycle/10011595508741011124314609",214
"215","https://www.gumtree.co.za/s-road-bikes/v1c9801p1page-11/v1c9801p11",11,"https://www.gumtree.co.za/a-road-bikes/crawford/imported-1960-39-s-vintage-gazelle-classic-single-speed-+-r/10011495211661010232698409",215
"216","https://www.gumtree.co.za/s-road-bikes/v1c9801p1page-11/v1c9801p11",11,"https://www.gumtree.co.za/a-road-bikes/kensington/mongoose-capture-bmx/10011680726461012550888909",216
"217","https://www.gumtree.co.za/s-road-bikes/v1c9801p1page-11/v1c9801p11",11,"https://www.gumtree.co.za/a-road-bikes/centurion/avalanche-20-34-bicycle/10011680513511010168535409",217
"218","https://www.gumtree.co.za/s-road-bikes/v1c9801p1page-11/v1c9801p11",11,"https://www.gumtree.co.za/a-road-bikes/eastern-pretoria/electric-e-bike/10011680450451013076832509",218
"219","https://www.gumtree.co.za/s-road-bikes/v1c9801p1page-11/v1c9801p11",11,"https://www.gumtree.co.za/a-road-bikes/berea-musgrave/bmx-bike/10011680195801013027746109",219
"220","https://www.gumtree.co.za/s-road-bikes/v1c9801p1page-11/v1c9801p11",11,"https://www.gumtree.co.za/a-road-bikes/durbanville/trek-alpha/10011679578691013039371709",220
"221","https://www.gumtree.co.za/s-road-bikes/v1c9801p1page-11/v1c9801p11",11,"https://www.gumtree.co.za/a-road-bikes/plettenberg-bay/olmo-roadbike/10011679423931011039826209",221
"222","https://www.gumtree.co.za/s-road-bikes/v1c9801p1page-12/v1c9801p12",12,"https://www.gumtree.co.za/a-road-bikes/umhlanga/bicycle-raleigh/10011679169581012982263909",222
"223","https://www.gumtree.co.za/s-road-bikes/v1c9801p1page-12/v1c9801p12",12,"https://www.gumtree.co.za/a-road-bikes/crawford/imported-pre+owned-vintage-1980s-carrera-epic-road-bike-by-tony-doyle-14-speed-+-r/10011393962041010232698409",223
"224","https://www.gumtree.co.za/s-road-bikes/v1c9801p1page-12/v1c9801p12",12,"https://www.gumtree.co.za/a-road-bikes/kempton-park/road-bike-+-look-795-carbon-7-3kg-53cm-medium-for-sale-r44500/10011677904491010251339509",224
"225","https://www.gumtree.co.za/s-road-bikes/v1c9801p1page-12/v1c9801p12",12,"https://www.gumtree.co.za/a-road-bikes/kempton-park/road-bike-+-look-795-carbon-med-7-3kg-weight-r44500/10011677909881010251339509",225
"226","https://www.gumtree.co.za/s-road-bikes/v1c9801p1page-12/v1c9801p12",12,"https://www.gumtree.co.za/a-road-bikes/morningside/brand-new-avalanche-2-0-bicycle-for-sale-r6000+00-retail-price-is-8999+00/10011594652951011405848009",226
"227","https://www.gumtree.co.za/s-road-bikes/v1c9801p1page-12/v1c9801p12",12,"https://www.gumtree.co.za/a-road-bikes/scottburgh/gpz-400cc/10011677683861013073776609",227
"228","https://www.gumtree.co.za/s-road-bikes/v1c9801p1page-12/v1c9801p12",12,"https://www.gumtree.co.za/a-road-bikes/bedfordview/electric-bikes-for-sale/10011675493351010010678209",228
"229","https://www.gumtree.co.za/s-road-bikes/v1c9801p1page-12/v1c9801p12",12,"https://www.gumtree.co.za/a-road-bikes/strand/scott-cr1-team-bicycle/10011587930741010009438709",229
"230","https://www.gumtree.co.za/s-road-bikes/v1c9801p1page-12/v1c9801p12",12,"https://www.gumtree.co.za/a-road-bikes/crawford/imported-vintage-dutch-select-classic-3-speed-+-r/10011168852981010232698409",230
"231","https://www.gumtree.co.za/s-road-bikes/v1c9801p1page-12/v1c9801p12",12,"https://www.gumtree.co.za/a-road-bikes/strand/bycicle-for-sale-+-good-condition/10011674365581010011560209",231
"232","https://www.gumtree.co.za/s-road-bikes/v1c9801p1page-12/v1c9801p12",12,"https://www.gumtree.co.za/a-road-bikes/port-elizabeth/cruiser-bike/10011674112371013074256309",232
"233","https://www.gumtree.co.za/s-road-bikes/v1c9801p1page-12/v1c9801p12",12,"https://www.gumtree.co.za/a-road-bikes/umdloti-beach/titan-20inch-kids-bicycles/10011674071311013075995809",233
"234","https://www.gumtree.co.za/s-road-bikes/v1c9801p1page-12/v1c9801p12",12,"https://www.gumtree.co.za/a-road-bikes/port-elizabeth/fuji-series-2-frame/10011672387511012831410209",234
"235","https://www.gumtree.co.za/s-road-bikes/v1c9801p1page-12/v1c9801p12",12,"https://www.gumtree.co.za/a-road-bikes/durbanville/helmuts-for-sale/10011670640481011395674809",235
"236","https://www.gumtree.co.za/s-road-bikes/v1c9801p1page-12/v1c9801p12",12,"https://www.gumtree.co.za/a-road-bikes/other/bicycle-road/10011670534421010377214509",236
"237","https://www.gumtree.co.za/s-road-bikes/v1c9801p1page-12/v1c9801p12",12,"https://www.gumtree.co.za/a-road-bikes/paarl/adventure-trekking-bicycle-germany/10011670307111010007617709",237
"238","https://www.gumtree.co.za/s-road-bikes/v1c9801p1page-12/v1c9801p12",12,"https://www.gumtree.co.za/a-road-bikes/parkwood/first-bike-street-+-balance-bike-pink/10011670139731013057447409",238
"239","https://www.gumtree.co.za/s-road-bikes/v1c9801p1page-12/v1c9801p12",12,"https://www.gumtree.co.za/a-road-bikes/howick/tandem-+-ad-posted-by-julie+ann-hamar/10011669652501010226719009",239
"240","https://www.gumtree.co.za/s-road-bikes/v1c9801p1page-12/v1c9801p12",12,"https://www.gumtree.co.za/a-road-bikes/bellville/cannondale-supersix/10011581934511010008037809",240
"241","https://www.gumtree.co.za/s-road-bikes/v1c9801p1page-12/v1c9801p12",12,"https://www.gumtree.co.za/a-road-bikes/flamingo-vlei/argus-tour-cycling-mugs/10011286610191010194173009",241
"242","https://www.gumtree.co.za/s-road-bikes/v1c9801p1page-13/v1c9801p13",13,"https://www.gumtree.co.za/a-road-bikes/stellenbosch/specialized-dolce-road-bike/10011669133321012953830309",242
"243","https://www.gumtree.co.za/s-road-bikes/v1c9801p1page-13/v1c9801p13",13,"https://www.gumtree.co.za/a-road-bikes/melkbosstrand/electric-scooter-children-excellent-condition/10011668783011010096028309",243
"244","https://www.gumtree.co.za/s-road-bikes/v1c9801p1page-13/v1c9801p13",13,"https://www.gumtree.co.za/a-road-bikes/vereeniging/peugeot-tandem-mounton-bike/10011667562901010753972509",244
"245","https://www.gumtree.co.za/s-road-bikes/v1c9801p1page-13/v1c9801p13",13,"https://www.gumtree.co.za/a-road-bikes/other/bicycle-for-sale/10011667440451013076071309",245
"246","https://www.gumtree.co.za/s-road-bikes/v1c9801p1page-13/v1c9801p13",13,"https://www.gumtree.co.za/a-road-bikes/west-beach/almost-new-avalanche-cruz88-beach-cruiser+-get-it-for-the-holidays/10011661392381010010625409",246
"247","https://www.gumtree.co.za/s-road-bikes/v1c9801p1page-13/v1c9801p13",13,"https://www.gumtree.co.za/a-road-bikes/west-beach/beautiful-schwinn-s1-beach-cruiser-with-headlight-and-34-white-wall-tyres-34/10011661391091010010625409",247
"248","https://www.gumtree.co.za/s-road-bikes/v1c9801p1page-13/v1c9801p13",13,"https://www.gumtree.co.za/a-road-bikes/century-city/electric-bicycles/10011653985271010242303109",248
"249","https://www.gumtree.co.za/s-road-bikes/v1c9801p1page-13/v1c9801p13",13,"https://www.gumtree.co.za/a-road-bikes/west-beach/awesome-beach-cruiser+schwinn+-single-speed-with-back-pedal-brakes/10011652247181010010625409",249
"250","https://www.gumtree.co.za/s-road-bikes/v1c9801p1page-13/v1c9801p13",13,"https://www.gumtree.co.za/a-road-bikes/west-beach/almost-new-avalanche-cruz88-beach-cruiser/10011650347061010010625409",250
"251","https://www.gumtree.co.za/s-road-bikes/v1c9801p1page-13/v1c9801p13",13,"https://www.gumtree.co.za/a-road-bikes/crawford/on-sale-imported-vintage-eclipse-emerald-3-speed-+-r/10010456368181010232698409",251
"252","https://www.gumtree.co.za/s-road-bikes/v1c9801p1page-13/v1c9801p13",13,"https://www.gumtree.co.za/a-road-bikes/crawford/motorised-raleigh-ascender-mtb-new-80cc-motor-+-r/10011646115951010232698409",252
"253","https://www.gumtree.co.za/s-road-bikes/v1c9801p1page-13/v1c9801p13",13,"https://www.gumtree.co.za/a-road-bikes/grassy-park/+-titanium-condor-percorso-frame/10011645787421010331230509",253
"254","https://www.gumtree.co.za/s-road-bikes/v1c9801p1page-13/v1c9801p13",13,"https://www.gumtree.co.za/a-road-bikes/mosselbaai/electric-bicycle-go-now/10011241100821012825343909",254
"255","https://www.gumtree.co.za/s-road-bikes/v1c9801p1page-13/v1c9801p13",13,"https://www.gumtree.co.za/a-road-bikes/crawford/imported-giant-revive-dx-semi-recumbent-6-speed-+-r/10011556237371010232698409",255
"256","https://www.gumtree.co.za/s-road-bikes/v1c9801p1page-13/v1c9801p13",13,"https://www.gumtree.co.za/a-road-bikes/northgate/cube-agree-small-carbon/10011642369841010177172109",256
"257","https://www.gumtree.co.za/s-road-bikes/v1c9801p1page-13/v1c9801p13",13,"https://www.gumtree.co.za/a-road-bikes/midrand/beach-cruiser-bike-for-sale/10011639678961010082322509",257
"258","https://www.gumtree.co.za/s-road-bikes/v1c9801p1page-13/v1c9801p13",13,"https://www.gumtree.co.za/a-road-bikes/lenasia/ride-on-racing-bike/10011637195981012641142109",258
"259","https://www.gumtree.co.za/s-road-bikes/v1c9801p1page-13/v1c9801p13",13,"https://www.gumtree.co.za/a-road-bikes/lenasia/kids-ride-on-chopper-bike/10011637173151012641142109",259
"260","https://www.gumtree.co.za/s-road-bikes/v1c9801p1page-13/v1c9801p13",13,"https://www.gumtree.co.za/a-road-bikes/crawford/on-sale-imported-vintage-union-unitas-3-speed-+-r/10010998986391010232698409",260
"261","https://www.gumtree.co.za/s-road-bikes/v1c9801p1page-13/v1c9801p13",13,"https://www.gumtree.co.za/a-road-bikes/west-beach/almost-new-avalanche-cruz88-beach-cruier/10011635623671010010625409",261
"262","https://www.gumtree.co.za/s-road-bikes/v1c9801p1page-14/v1c9801p14",14,"https://www.gumtree.co.za/a-road-bikes/crawford/limited-stock-new-diamondback-della-20-bmx+purple-+-r1599/1009894095090910232698409",262
"263","https://www.gumtree.co.za/s-road-bikes/v1c9801p1page-14/v1c9801p14",14,"https://www.gumtree.co.za/a-road-bikes/crawford/imported-26er-dawes-gravel-bike-+-r/10011631150691010232698409",263
"264","https://www.gumtree.co.za/s-road-bikes/v1c9801p1page-14/v1c9801p14",14,"https://www.gumtree.co.za/a-road-bikes/crawford/sale-limited-stock-new-speed-20-freestyle-bmx-+-r/10011631303081010232698409",264
"265","https://www.gumtree.co.za/s-road-bikes/v1c9801p1page-14/v1c9801p14",14,"https://www.gumtree.co.za/a-road-bikes/eastern-pretoria/totem-20-inch-kids-racer-bike-for-sale-+-r850/10011629348981013074159109",265
"266","https://www.gumtree.co.za/s-road-bikes/v1c9801p1page-14/v1c9801p14",14,"https://www.gumtree.co.za/a-road-bikes/other/road-bike-silverback-strela-1/10011342276851010818011709",266
"267","https://www.gumtree.co.za/s-road-bikes/v1c9801p1page-14/v1c9801p14",14,"https://www.gumtree.co.za/a-road-bikes/boksburg/avalanche-road-bike/10011628382311012772644309",267
"268","https://www.gumtree.co.za/s-road-bikes/v1c9801p1page-14/v1c9801p14",14,"https://www.gumtree.co.za/a-road-bikes/durbanville/merida-race-lite-racing-bike-for-sale/10011628169441010847024309",268
"269","https://www.gumtree.co.za/s-road-bikes/v1c9801p1page-14/v1c9801p14",14,"https://www.gumtree.co.za/a-road-bikes/other/bmx-bike-24-r1800-negotiable/10011626202001012787211809",269
"270","https://www.gumtree.co.za/s-road-bikes/v1c9801p1page-14/v1c9801p14",14,"https://www.gumtree.co.za/a-road-bikes/west-beach/almost-new-avalanche-cruz88-beach-cruiser/10011621102971010010625409",270
"271","https://www.gumtree.co.za/s-road-bikes/v1c9801p1page-14/v1c9801p14",14,"https://www.gumtree.co.za/a-road-bikes/crawford/imported-apollo-adult-foldup-bicycle-single-speed-+-r/10011620423811010232698409",271
"272","https://www.gumtree.co.za/s-road-bikes/v1c9801p1page-14/v1c9801p14",14,"https://www.gumtree.co.za/a-road-bikes/emmarentia/brand-new-16-inch-totem-racer-bmx-bike-for-sale/10011617941851013063450309",272
"273","https://www.gumtree.co.za/s-road-bikes/v1c9801p1page-14/v1c9801p14",14,"https://www.gumtree.co.za/a-road-bikes/other/old-school-bmx-wanted/10011527210561010014035409",273
"274","https://www.gumtree.co.za/s-road-bikes/v1c9801p1page-14/v1c9801p14",14,"https://www.gumtree.co.za/a-road-bikes/durbanville/quantana-roo-tri-bike/10011614374761010012723609",274
"275","https://www.gumtree.co.za/s-road-bikes/v1c9801p1page-14/v1c9801p14",14,"https://www.gumtree.co.za/a-road-bikes/crawford/pre+owned-vintage-1980s-le-comp-12-speed-racer-+-r/10011522685461010232698409",275
"276","https://www.gumtree.co.za/s-road-bikes/v1c9801p1page-14/v1c9801p14",14,"https://www.gumtree.co.za/a-road-bikes/west-beach/almost-new-avalanche-cruz-88-beach-cruiser/10011610473161010010625409",276
"277","https://www.gumtree.co.za/s-road-bikes/v1c9801p1page-14/v1c9801p14",14,"https://www.gumtree.co.za/a-road-bikes/northern-pretoria/vintage-bicycles-+-customised/1006877684560910376561309",277
"278","https://www.gumtree.co.za/s-road-bikes/v1c9801p1page-14/v1c9801p14",14,"https://www.gumtree.co.za/a-road-bikes/port-elizabeth/gaint-cypress-hybrid-21-inch-bicycle/10011603610861010003312609",278
"279","https://www.gumtree.co.za/s-road-bikes/v1c9801p1page-14/v1c9801p14",14,"https://www.gumtree.co.za/a-road-bikes/mbombela-nelspruit/road-bicycle-for-sale-+-52-oxone/10011600369961010057882909",279
"280","https://www.gumtree.co.za/s-road-bikes/v1c9801p1page-14/v1c9801p14",14,"https://www.gumtree.co.za/a-road-bikes/west-beach/almost-new-avalanche-cruz88-beach-cruiser/10011598772391010010625409",280
"281","https://www.gumtree.co.za/s-road-bikes/v1c9801p1page-14/v1c9801p14",14,"https://www.gumtree.co.za/a-road-bikes/morningside/bicycle-jl-challenge/10011598513761010016306709",281
"282","https://www.gumtree.co.za/s-road-bikes/v1c9801p1page-15/v1c9801p15",15,"https://www.gumtree.co.za/a-road-bikes/crawford/imported-vintage-dutch-juncker-3-speed-classic-+-r/10011180419931010232698409",282
"283","https://www.gumtree.co.za/s-road-bikes/v1c9801p1page-15/v1c9801p15",15,"https://www.gumtree.co.za/a-road-bikes/crawford/on-sale-imported-vintage-gazelle-single-speed-+-r/10011180671381010232698409",283
"284","https://www.gumtree.co.za/s-road-bikes/v1c9801p1page-15/v1c9801p15",15,"https://www.gumtree.co.za/a-road-bikes/west-beach/almost-new-avalanche-cruz-88-beach-cruiser/10011591083841010010625409",284
"285","https://www.gumtree.co.za/s-road-bikes/v1c9801p1page-15/v1c9801p15",15,"https://www.gumtree.co.za/a-road-bikes/johannesburg-south/raleigh-bike-for-girls/10011586607061012684859609",285
"286","https://www.gumtree.co.za/s-road-bikes/v1c9801p1page-15/v1c9801p15",15,"https://www.gumtree.co.za/a-road-bikes/chatsworth/26-inch-racer-silverback/10011584634621013036905209",286
"287","https://www.gumtree.co.za/s-road-bikes/v1c9801p1page-15/v1c9801p15",15,"https://www.gumtree.co.za/a-road-bikes/centurion/raleigh-tt-carbon-bike-10-speed-+-reduced-to-r10-300/10011282089631010033310409",287
"288","https://www.gumtree.co.za/s-road-bikes/v1c9801p1page-15/v1c9801p15",15,"https://www.gumtree.co.za/a-road-bikes/chatsworth/16-inch-bike/10011582419971013036905209",288
"289","https://www.gumtree.co.za/s-road-bikes/v1c9801p1page-15/v1c9801p15",15,"https://www.gumtree.co.za/a-road-bikes/claremont-newlands/specialized-tarmac/10011581744511010896607309",289
"290","https://www.gumtree.co.za/s-road-bikes/v1c9801p1page-15/v1c9801p15",15,"https://www.gumtree.co.za/a-road-bikes/howick/bike-rack-ride-on-with-tail-lights/10011581201591010197846209",290
"291","https://www.gumtree.co.za/s-road-bikes/v1c9801p1page-15/v1c9801p15",15,"https://www.gumtree.co.za/a-road-bikes/crawford/imported-pre+owned-1960s-style-pelikaan-dutch-cruiser-+-r/10011574668461010232698409",291
"292","https://www.gumtree.co.za/s-road-bikes/v1c9801p1page-15/v1c9801p15",15,"https://www.gumtree.co.za/a-road-bikes/west-beach/almost-new-beach-cruiser+-avalanche-cruz-88/10011574658641010010625409",292
"293","https://www.gumtree.co.za/s-road-bikes/v1c9801p1page-15/v1c9801p15",15,"https://www.gumtree.co.za/a-road-bikes/umhlanga/merida-reacto-4000-large-2022/10011574051191010038126809",293
"294","https://www.gumtree.co.za/s-road-bikes/v1c9801p1page-15/v1c9801p15",15,"https://www.gumtree.co.za/a-road-bikes/parklands/brand-new-marvel-bicycle-for-sale/10011573449871011444333209",294
"295","https://www.gumtree.co.za/s-road-bikes/v1c9801p1page-15/v1c9801p15",15,"https://www.gumtree.co.za/a-road-bikes/bellville/marida-scultura-5000-large/10011570282691010011643809",295
"296","https://www.gumtree.co.za/s-road-bikes/v1c9801p1page-15/v1c9801p15",15,"https://www.gumtree.co.za/a-road-bikes/durban-north/beach-cruiser-bicycle-26-34/10011568743861010752830609",296
"297","https://www.gumtree.co.za/s-road-bikes/v1c9801p1page-15/v1c9801p15",15,"https://www.gumtree.co.za/a-road-bikes/west-beach/almost-new-beach-cruiser+-avalanche-cruz-88/10011378059011010010625409",297
"298","https://www.gumtree.co.za/s-road-bikes/v1c9801p1page-15/v1c9801p15",15,"https://www.gumtree.co.za/a-road-bikes/bellville/unfinished-project-bike/10011567419951010013392009",298
"299","https://www.gumtree.co.za/s-road-bikes/v1c9801p1page-15/v1c9801p15",15,"https://www.gumtree.co.za/a-road-bikes/west-beach/almost-new-avalanche-cruz88-beach-cruiser/10011564594901010010625409",299
"300","https://www.gumtree.co.za/s-road-bikes/v1c9801p1page-15/v1c9801p15",15,"https://www.gumtree.co.za/a-road-bikes/lenasia/rc-6000-road-bike-for-sale/10011563750741010021543809",300
"301","https://www.gumtree.co.za/s-road-bikes/v1c9801p1page-15/v1c9801p15",15,"https://www.gumtree.co.za/a-road-bikes/lansdowne/new-track-bike-fixie/10011563619431012735871009",301
"302","https://www.gumtree.co.za/s-road-bikes/v1c9801p1page-16/v1c9801p16",16,"https://www.gumtree.co.za/a-road-bikes/crawford/1960s-vintage-hercules-foldup-bicycle-single-speed-+-r/10011556813871010232698409",302
"303","https://www.gumtree.co.za/s-road-bikes/v1c9801p1page-16/v1c9801p16",16,"https://www.gumtree.co.za/a-road-bikes/west-beach/almost-new-avalanche-cruz-88-7-speed-beach-cruiser/10011553459631010010625409",303
"304","https://www.gumtree.co.za/s-road-bikes/v1c9801p1page-16/v1c9801p16",16,"https://www.gumtree.co.za/a-road-bikes/crawford/imported-vintage-batavus-torina-hybrid-3-speed-+-r2750/1009940434470910232698409",304
"305","https://www.gumtree.co.za/s-road-bikes/v1c9801p1page-16/v1c9801p16",16,"https://www.gumtree.co.za/a-road-bikes/crawford/on-sale-imported-vintage-valuas-hybrid-3-speed-+-r/10010998903271010232698409",305
"306","https://www.gumtree.co.za/s-road-bikes/v1c9801p1page-16/v1c9801p16",16,"https://www.gumtree.co.za/a-road-bikes/west-beach/almost-new-avalanche-cruz-88-beach-cruiser/10011535029921010010625409",306
"307","https://www.gumtree.co.za/s-road-bikes/v1c9801p1page-16/v1c9801p16",16,"https://www.gumtree.co.za/a-road-bikes/edenvale/spinning-bike/10011524243321010011376309",307
"308","https://www.gumtree.co.za/s-road-bikes/v1c9801p1page-16/v1c9801p16",16,"https://www.gumtree.co.za/a-road-bikes/durbanville/bmc-sl01/10011518066561013039371709",308
"309","https://www.gumtree.co.za/s-road-bikes/v1c9801p1page-16/v1c9801p16",16,"https://www.gumtree.co.za/a-road-bikes/durbanville/cannondale-caad8/10011518036471013039371709",309
"310","https://www.gumtree.co.za/s-road-bikes/v1c9801p1page-16/v1c9801p16",16,"https://www.gumtree.co.za/a-road-bikes/west-beach/almost-new-avalanche-cruz88-beach-cruiser/10011516586321010010625409",310
"311","https://www.gumtree.co.za/s-road-bikes/v1c9801p1page-16/v1c9801p16",16,"https://www.gumtree.co.za/a-road-bikes/boksburg/we-the-people-bmx/10011514535681012994862209",311
"312","https://www.gumtree.co.za/s-road-bikes/v1c9801p1page-16/v1c9801p16",16,"https://www.gumtree.co.za/a-road-bikes/crawford/on-sale-imported-vintage-gazelle-primeur-executive-3-speed-+-r/10010242420151010232698409",312
"313","https://www.gumtree.co.za/s-road-bikes/v1c9801p1page-16/v1c9801p16",16,"https://www.gumtree.co.za/a-road-bikes/berea-musgrave/carbon-frame-10-speed-road-bike/10011492457661010164898109",313
"314","https://www.gumtree.co.za/s-road-bikes/v1c9801p1page-16/v1c9801p16",16,"https://www.gumtree.co.za/a-road-bikes/milnerton/bicycle-for-sale/10011491451721010437426209",314
"315","https://www.gumtree.co.za/s-road-bikes/v1c9801p1page-16/v1c9801p16",16,"https://www.gumtree.co.za/a-road-bikes/vanderbijlpark/26-inch-bikes/10011486448451012962459409",315
"316","https://www.gumtree.co.za/s-road-bikes/v1c9801p1page-16/v1c9801p16",16,"https://www.gumtree.co.za/a-road-bikes/vanderbijlpark/16-inch-bicycles/10011486431691012962459409",316
"317","https://www.gumtree.co.za/s-road-bikes/v1c9801p1page-16/v1c9801p16",16,"https://www.gumtree.co.za/a-road-bikes/vanderbijlpark/20-inch-neon-bicycles/10011486426951012962459409",317
"318","https://www.gumtree.co.za/s-road-bikes/v1c9801p1page-16/v1c9801p16",16,"https://www.gumtree.co.za/a-road-bikes/vanderbijlpark/26-inch-mandala-bicycles/10011486387021012962459409",318
"319","https://www.gumtree.co.za/s-road-bikes/v1c9801p1page-16/v1c9801p16",16,"https://www.gumtree.co.za/a-road-bikes/vanderbijlpark/26-inch-bicycles/10011486342741012962459409",319
"320","https://www.gumtree.co.za/s-road-bikes/v1c9801p1page-16/v1c9801p16",16,"https://www.gumtree.co.za/a-road-bikes/west-beach/as-new-avalanche-cruz88-beach-cruiser/10011481461911010010625409",320
"321","https://www.gumtree.co.za/s-road-bikes/v1c9801p1page-16/v1c9801p16",16,"https://www.gumtree.co.za/a-road-bikes/george/lezyne-infinite-light-power-pack/10011479647181012970275209",321
"322","https://www.gumtree.co.za/s-road-bikes/v1c9801p1page-17/v1c9801p17",17,"https://www.gumtree.co.za/a-road-bikes/west-beach/almost-new-avalanche-cruz-88-beach-cruiser/10011469076661010010625409",322
"323","https://www.gumtree.co.za/s-road-bikes/v1c9801p1page-17/v1c9801p17",17,"https://www.gumtree.co.za/a-road-bikes/east-london/off-road-bike/10011373566001012901306209",323
"324","https://www.gumtree.co.za/s-road-bikes/v1c9801p1page-17/v1c9801p17",17,"https://www.gumtree.co.za/a-road-bikes/west-beach/lovely-beach-cruiser+-avalanche-cruz88-seven-speed-in-almost-new-condition/10011458633741010010625409",324
"325","https://www.gumtree.co.za/s-road-bikes/v1c9801p1page-17/v1c9801p17",17,"https://www.gumtree.co.za/a-road-bikes/durbanville/charl-potter/10010502151991012745136009",325
"326","https://www.gumtree.co.za/s-road-bikes/v1c9801p1page-17/v1c9801p17",17,"https://www.gumtree.co.za/a-road-bikes/germiston/giant-ocr-road-bike/10011455114141012988044409",326
"327","https://www.gumtree.co.za/s-road-bikes/v1c9801p1page-17/v1c9801p17",17,"https://www.gumtree.co.za/a-road-bikes/bellville/bicycle-for-sale/10011454369411010155211509",327
"328","https://www.gumtree.co.za/s-road-bikes/v1c9801p1page-17/v1c9801p17",17,"https://www.gumtree.co.za/a-road-bikes/edenvale/pinarello-razha-bicycle/10011450625961012748050409",328
"329","https://www.gumtree.co.za/s-road-bikes/v1c9801p1page-17/v1c9801p17",17,"https://www.gumtree.co.za/a-road-bikes/boksburg/brand-new-27-inch-racing-bike/10011449683911011012753909",329
"330","https://www.gumtree.co.za/s-road-bikes/v1c9801p1page-17/v1c9801p17",17,"https://www.gumtree.co.za/a-road-bikes/boksburg/brand-new-26-inch-romario-balloon-dikwiel-bicycle/10011449679311011012753909",330
"331","https://www.gumtree.co.za/s-road-bikes/v1c9801p1page-17/v1c9801p17",17,"https://www.gumtree.co.za/a-road-bikes/boksburg/brand-new-20-inch-freestyle-trick-bike/10011449661931011012753909",331
"332","https://www.gumtree.co.za/s-road-bikes/v1c9801p1page-17/v1c9801p17",17,"https://www.gumtree.co.za/a-road-bikes/boksburg/brand-new-20-inch-girls-bicycle/10011449659761011012753909",332
"333","https://www.gumtree.co.za/s-road-bikes/v1c9801p1page-17/v1c9801p17",17,"https://www.gumtree.co.za/a-road-bikes/boksburg/brand-new-20-inch-embassy-bicycle/10011449661031011012753909",333
"334","https://www.gumtree.co.za/s-road-bikes/v1c9801p1page-17/v1c9801p17",17,"https://www.gumtree.co.za/a-road-bikes/boksburg/brand-new-20-inch-galaxy-bicycle/10011449651521011012753909",334
"335","https://www.gumtree.co.za/s-road-bikes/v1c9801p1page-17/v1c9801p17",17,"https://www.gumtree.co.za/a-road-bikes/boksburg/brand-new-16-inch-embassy-bicycle/10011449651101011012753909",335
"336","https://www.gumtree.co.za/s-road-bikes/v1c9801p1page-17/v1c9801p17",17,"https://www.gumtree.co.za/a-road-bikes/boksburg/brand-new-16-inch-galaxy-bicycle/10011449646021011012753909",336
"337","https://www.gumtree.co.za/s-road-bikes/v1c9801p1page-17/v1c9801p17",17,"https://www.gumtree.co.za/a-road-bikes/boksburg/brand-new-12-inch-galaxy-bicycle/10011449636581011012753909",337
"338","https://www.gumtree.co.za/s-road-bikes/v1c9801p1page-17/v1c9801p17",17,"https://www.gumtree.co.za/a-road-bikes/gordon-s-bay/vintage-bsa-sports-bicycle-for-sale/10011448789981012795140309",338
"339","https://www.gumtree.co.za/s-road-bikes/v1c9801p1page-17/v1c9801p17",17,"https://www.gumtree.co.za/a-road-bikes/west-beach/almost-new-avalanche-cruz-88-beach-cruiser/10011448021081010010625409",339
"340","https://www.gumtree.co.za/s-road-bikes/v1c9801p1page-17/v1c9801p17",17,"https://www.gumtree.co.za/a-road-bikes/west-beach/almost-new-beach-cruiser+-avai/10011444726321010010625409",340
"341","https://www.gumtree.co.za/s-road-bikes/v1c9801p1page-17/v1c9801p17",17,"https://www.gumtree.co.za/a-road-bikes/fish-hoek/cannondale-road-bike/10011434272951011759811609",341
"342","https://www.gumtree.co.za/s-road-bikes/v1c9801p1page-18/v1c9801p18",18,"https://www.gumtree.co.za/a-road-bikes/crawford/imported-pre+owned-vintage-1980s-open-road-3-speed-+-r/10011432514571010232698409",342
"343","https://www.gumtree.co.za/s-road-bikes/v1c9801p1page-18/v1c9801p18",18,"https://www.gumtree.co.za/a-road-bikes/west-beach/almost-new-avalanche-cruz-88-beach-cruiser/10011432498801010010625409",343
"344","https://www.gumtree.co.za/s-road-bikes/v1c9801p1page-18/v1c9801p18",18,"https://www.gumtree.co.za/a-road-bikes/crawford/imported-pre+owned-vintage-raleigh-caprice-3-speed-+-r/10011432425791010232698409",344
"345","https://www.gumtree.co.za/s-road-bikes/v1c9801p1page-18/v1c9801p18",18,"https://www.gumtree.co.za/a-road-bikes/crawford/custom-restored-vintage-racer-single-speed-commuter-+-r/10011431976651010232698409",345
"346","https://www.gumtree.co.za/s-road-bikes/v1c9801p1page-18/v1c9801p18",18,"https://www.gumtree.co.za/a-road-bikes/west-beach/almost-new-avalanche-cruz-88+-seven-speed/10011426343471010010625409",346
"347","https://www.gumtree.co.za/s-road-bikes/v1c9801p1page-18/v1c9801p18",18,"https://www.gumtree.co.za/a-road-bikes/tamboerskloof/titan-stryker-roadbike-amp-accesories/10011421883751010022497609",347
"348","https://www.gumtree.co.za/s-road-bikes/v1c9801p1page-18/v1c9801p18",18,"https://www.gumtree.co.za/a-road-bikes/west-beach/almost-new-avalanche-cruz-88-beach-cruiser/10011421809461010010625409",348
"349","https://www.gumtree.co.za/s-road-bikes/v1c9801p1page-18/v1c9801p18",18,"https://www.gumtree.co.za/a-road-bikes/worcester/duratec-road-racing-tandem-frameset/10011203052281010164662209",349
"350","https://www.gumtree.co.za/s-road-bikes/v1c9801p1page-18/v1c9801p18",18,"https://www.gumtree.co.za/a-road-bikes/edenvale/spinning-bike/10011409699071010011376309",350
"351","https://www.gumtree.co.za/s-road-bikes/v1c9801p1page-18/v1c9801p18",18,"https://www.gumtree.co.za/a-road-bikes/west-beach/almost-new-beach-cruiser+-avalanche-cruz-88/10011408895101010010625409",351
"352","https://www.gumtree.co.za/s-road-bikes/v1c9801p1page-18/v1c9801p18",18,"https://www.gumtree.co.za/a-road-bikes/athlone/felt-b14-52cm-time-trial/10011404520681013012459309",352
"353","https://www.gumtree.co.za/s-road-bikes/v1c9801p1page-18/v1c9801p18",18,"https://www.gumtree.co.za/a-road-bikes/athlone/raleigh-50cm-road-bike/10011404478341013012459309",353
"354","https://www.gumtree.co.za/s-road-bikes/v1c9801p1page-18/v1c9801p18",18,"https://www.gumtree.co.za/a-road-bikes/west-beach/almost-new-avalanche-cruz-88-beach-cruiser/10011401976461010010625409",354
"355","https://www.gumtree.co.za/s-road-bikes/v1c9801p1page-18/v1c9801p18",18,"https://www.gumtree.co.za/a-road-bikes/centurion/20-34-raleigh-bicycle/10011398883161012451255509",355
"356","https://www.gumtree.co.za/s-road-bikes/v1c9801p1page-18/v1c9801p18",18,"https://www.gumtree.co.za/a-road-bikes/edenvale/spinning-bike/10011396760511010011376309",356
"357","https://www.gumtree.co.za/s-road-bikes/v1c9801p1page-18/v1c9801p18",18,"https://www.gumtree.co.za/a-road-bikes/west-beach/almost-new-avalanche-cruz-88-7-speed-beach-cruiser/10011388009241010010625409",357
"358","https://www.gumtree.co.za/s-road-bikes/v1c9801p1page-18/v1c9801p18",18,"https://www.gumtree.co.za/a-road-bikes/kloof/vintage-alpina-road-bike/10011380897921010022710809",358
"359","https://www.gumtree.co.za/s-road-bikes/v1c9801p1page-18/v1c9801p18",18,"https://www.gumtree.co.za/a-road-bikes/crawford/new-kiddies-12inch-diamondback-della-+-r899/1009961162570910232698409",359
"360","https://www.gumtree.co.za/s-road-bikes/v1c9801p1page-18/v1c9801p18",18,"https://www.gumtree.co.za/a-road-bikes/edgemead/kona-light-weight-bicycle-frame/10011374437381010002856109",360
"361","https://www.gumtree.co.za/s-road-bikes/v1c9801p1page-18/v1c9801p18",18,"https://www.gumtree.co.za/a-road-bikes/crawford/new-avalanche-lili-balance-bike-12inch-2020-+-r999/1009442793720910232698409",361
"362","https://www.gumtree.co.za/s-road-bikes/v1c9801p1page-19/v1c9801p19",19,"https://www.gumtree.co.za/a-road-bikes/wynberg-plumstead/bicycle-wheels-and-parts-for-sale/10011368000271010350097809",362
"363","https://www.gumtree.co.za/s-road-bikes/v1c9801p1page-19/v1c9801p19",19,"https://www.gumtree.co.za/a-road-bikes/port-elizabeth/schwinn-peleton-large-road-bike/10011366488801010672400609",363
"364","https://www.gumtree.co.za/s-road-bikes/v1c9801p1page-19/v1c9801p19",19,"https://www.gumtree.co.za/a-road-bikes/west-beach/beach-cruiser+-avalanche-cruze-88-in-almost-new-condition/10011363437391010010625409",364
"365","https://www.gumtree.co.za/s-road-bikes/v1c9801p1page-19/v1c9801p19",19,"https://www.gumtree.co.za/a-road-bikes/wellington/raleigh-girls-bicycle-for-repair-spares/10011358379221011092569209",365
"366","https://www.gumtree.co.za/s-road-bikes/v1c9801p1page-19/v1c9801p19",19,"https://www.gumtree.co.za/a-road-bikes/west-beach/almost-new-beach-cruiser+-avalanche-cruz-88/10011356250671010010625409",366
"367","https://www.gumtree.co.za/s-road-bikes/v1c9801p1page-19/v1c9801p19",19,"https://www.gumtree.co.za/a-road-bikes/other/motorbike-rain-suit/10011355191301010004526009",367
"368","https://www.gumtree.co.za/s-road-bikes/v1c9801p1page-19/v1c9801p19",19,"https://www.gumtree.co.za/a-road-bikes/paarl/bicycle-bmx/10011352814781010028696109",368
"369","https://www.gumtree.co.za/s-road-bikes/v1c9801p1page-19/v1c9801p19",19,"https://www.gumtree.co.za/a-road-bikes/athlone/raleigh-rc2000-roadbike/10011342142841010029902909",369
"370","https://www.gumtree.co.za/s-road-bikes/v1c9801p1page-19/v1c9801p19",19,"https://www.gumtree.co.za/a-road-bikes/parktown/bicycle-electric/10011090909751010001677109",370
"371","https://www.gumtree.co.za/s-road-bikes/v1c9801p1page-19/v1c9801p19",19,"https://www.gumtree.co.za/a-road-bikes/chatsworth/zingo-scooter-and-raleigh-bike/10011327795651010804355809",371
"372","https://www.gumtree.co.za/s-road-bikes/v1c9801p1page-19/v1c9801p19",19,"https://www.gumtree.co.za/a-road-bikes/blouberg/road-bike-tyres-700x25c-r220-each/10011327072471010003413109",372
"373","https://www.gumtree.co.za/s-road-bikes/v1c9801p1page-19/v1c9801p19",19,"https://www.gumtree.co.za/a-road-bikes/blouberg/tyres-for-road-bike-700x23c/10011327049791010003413109",373
"374","https://www.gumtree.co.za/s-road-bikes/v1c9801p1page-19/v1c9801p19",19,"https://www.gumtree.co.za/a-road-bikes/observatory/small-bike-frame/10011322475281011991523809",374
"375","https://www.gumtree.co.za/s-road-bikes/v1c9801p1page-19/v1c9801p19",19,"https://www.gumtree.co.za/a-road-bikes/crawford/on-sale-imported-vintage-dutch-gazelle-3-speed-+r/10010284458261010232698409",375
"376","https://www.gumtree.co.za/s-road-bikes/v1c9801p1page-19/v1c9801p19",19,"https://www.gumtree.co.za/a-road-bikes/durbanville/colnago-v1+r-ferrari-edition/10011021645861013039371709",376
"377","https://www.gumtree.co.za/s-road-bikes/v1c9801p1page-19/v1c9801p19",19,"https://www.gumtree.co.za/a-road-bikes/kempton-park/road-bike-+-trek-domane-carbon-excellent-cond-r27500/10011263944341010251339509",377
"378","https://www.gumtree.co.za/s-road-bikes/v1c9801p1page-19/v1c9801p19",19,"https://www.gumtree.co.za/a-road-bikes/crawford/new-kiddies-12inch-diamondback-drifter-bicycle-+-r899/1009961085660910232698409",378
"379","https://www.gumtree.co.za/s-road-bikes/v1c9801p1page-19/v1c9801p19",19,"https://www.gumtree.co.za/a-road-bikes/stellenbosch/axis-ar20c-road-bike-carbon-fibre/10011257564361012616034209",379
"380","https://www.gumtree.co.za/s-road-bikes/v1c9801p1page-19/v1c9801p19",19,"https://www.gumtree.co.za/a-road-bikes/plattekloof/we-buy-all-bikes/10011219075221010002818609",380
"381","https://www.gumtree.co.za/s-road-bikes/v1c9801p1page-19/v1c9801p19",19,"https://www.gumtree.co.za/a-road-bikes/kempton-park/vintage-1980-39-s-hansom-bicycle-project/10011213259231010251339509",381
"382","https://www.gumtree.co.za/s-road-bikes/v1c9801p1page-20/v1c9801p20",20,"https://www.gumtree.co.za/a-road-bikes/northern-pretoria/racing-bicycle-price-negotiable/10011090946661013023416709",382
"383","https://www.gumtree.co.za/s-road-bikes/v1c9801p1page-20/v1c9801p20",20,"https://www.gumtree.co.za/a-road-bikes/port-elizabeth/prologo-scratch-pro-tr/10011203858811010362898209",383
"384","https://www.gumtree.co.za/s-road-bikes/v1c9801p1page-20/v1c9801p20",20,"https://www.gumtree.co.za/a-road-bikes/krugersdorp/scott-hybrid-bicycle/10010524692501012995651009",384
"385","https://www.gumtree.co.za/s-road-bikes/v1c9801p1page-20/v1c9801p20",20,"https://www.gumtree.co.za/a-road-bikes/edenvale/avalanche-compact-road-str-racing-series-bike/10011200600591012748050409",385
"386","https://www.gumtree.co.za/s-road-bikes/v1c9801p1page-20/v1c9801p20",20,"https://www.gumtree.co.za/a-road-bikes/plattekloof/ursus-athon-wheelset-brand-new-in-the-bag/1009725144940911278719409",386
"387","https://www.gumtree.co.za/s-road-bikes/v1c9801p1page-20/v1c9801p20",20,"https://www.gumtree.co.za/a-road-bikes/durbanville/lightweight-ugestalt/10011180311461013039371709",387
"388","https://www.gumtree.co.za/s-road-bikes/v1c9801p1page-20/v1c9801p20",20,"https://www.gumtree.co.za/a-road-bikes/vanderbijlpark/gotty-hanson-road-bicycle/10011178520911010015920509",388
"389","https://www.gumtree.co.za/s-road-bikes/v1c9801p1page-20/v1c9801p20",20,"https://www.gumtree.co.za/a-road-bikes/meyerton/ciclo-alluminium-racing-bike-for-sale/10011065272491010022304009",389
"390","https://www.gumtree.co.za/s-road-bikes/v1c9801p1page-20/v1c9801p20",20,"https://www.gumtree.co.za/a-road-bikes/crawford/cape-cycle-servicing-specials-+/1005831033510910232698409",390
"391","https://www.gumtree.co.za/s-road-bikes/v1c9801p1page-20/v1c9801p20",20,"https://www.gumtree.co.za/a-road-bikes/muizenberg/tommasini-road-bike/10011174122811010027621209",391
"392","https://www.gumtree.co.za/s-road-bikes/v1c9801p1page-20/v1c9801p20",20,"https://www.gumtree.co.za/a-road-bikes/parow/limited-edition-rook-fixie-4500/10011170797461012678490109",392
"393","https://www.gumtree.co.za/s-road-bikes/v1c9801p1page-20/v1c9801p20",20,"https://www.gumtree.co.za/a-road-bikes/kempton-park/road-bike-+-giant-propel-m-carbon-r49000/10011164700811010251339509",393
"394","https://www.gumtree.co.za/s-road-bikes/v1c9801p1page-20/v1c9801p20",20,"https://www.gumtree.co.za/a-road-bikes/durbanville/felt-f4-full-carbon/10011159917281013039371709",394
"395","https://www.gumtree.co.za/s-road-bikes/v1c9801p1page-20/v1c9801p20",20,"https://www.gumtree.co.za/a-road-bikes/east-london/caad-8-road-bike/10011131958481010788542609",395
"396","https://www.gumtree.co.za/s-road-bikes/v1c9801p1page-20/v1c9801p20",20,"https://www.gumtree.co.za/a-road-bikes/blouberg/15-kwatt-135-km-per-hour-electric-enduro/10010837760821010015218609",396
"397","https://www.gumtree.co.za/s-road-bikes/v1c9801p1page-20/v1c9801p20",20,"https://www.gumtree.co.za/a-road-bikes/port-elizabeth/bicycle-wheel-spoke-led-rgb-+-currently-out-of-stock/1001588841810910030818409",397
"398","https://www.gumtree.co.za/s-road-bikes/v1c9801p1page-20/v1c9801p20",20,"https://www.gumtree.co.za/a-road-bikes/port-elizabeth/currently-sold-out-obaolay-5-lens-polarized-uv400-sports-cycling-driving-glasses-sunglasses-eyewear/1001672679020910030818409",398
"399","https://www.gumtree.co.za/s-road-bikes/v1c9801p1page-20/v1c9801p20",20,"https://www.gumtree.co.za/a-road-bikes/port-elizabeth/weather-resistant-bike-mount-case-currently-out-of-stock/1001782203300910030818409",399
"400","https://www.gumtree.co.za/s-road-bikes/v1c9801p1page-20/v1c9801p20",20,"https://www.gumtree.co.za/a-road-bikes/gardens/selling-my-caad8-cannondale-bicycle/1003606216800910202603209",400
"401","https://www.gumtree.co.za/s-road-bikes/v1c9801p1page-20/v1c9801p20",20,"https://www.gumtree.co.za/a-road-bikes/crawford/imported-1970s-vintage-empo-hybrid-cruiser-single-speed-+-r/10010998861251010232698409",401
"402","https://www.gumtree.co.za/s-road-bikes/v1c9801p1page-21/v1c9801p21",21,"https://www.gumtree.co.za/a-road-bikes/crawford/limited-stock-new-diamondback-cobra-20-bmx+green-+-r1599/1009894021770910232698409",402
"403","https://www.gumtree.co.za/s-road-bikes/v1c9801p1page-21/v1c9801p21",21,"https://www.gumtree.co.za/a-road-bikes/blouberg/bmx-gyro-cabling-system/10011100022941010003413109",403
"404","https://www.gumtree.co.za/s-road-bikes/v1c9801p1page-21/v1c9801p21",21,"https://www.gumtree.co.za/a-road-bikes/gordon-s-bay/schwinn-bike-imported-costum-made-with-barnd-new-brook-england-saddle/10011099492661010054203309",404
"405","https://www.gumtree.co.za/s-road-bikes/v1c9801p1page-21/v1c9801p21",21,"https://www.gumtree.co.za/a-road-bikes/crawford/limited-stock-on-sale-raleigh-trike-7-speed-+-limited-r/1009656396290910232698409",405
"406","https://www.gumtree.co.za/s-road-bikes/v1c9801p1page-21/v1c9801p21",21,"https://www.gumtree.co.za/a-road-bikes/crawford/imported-dutch-vintage-bicycles-beach-cruisers-mtb/1003011147720910232698409",406
"407","https://www.gumtree.co.za/s-road-bikes/v1c9801p1page-21/v1c9801p21",21,"https://www.gumtree.co.za/a-road-bikes/goodwood/raleigh-rc-3000-road-bike-with-mavic-ksyrium-wheels/10011091081251010000035309",407
"408","https://www.gumtree.co.za/s-road-bikes/v1c9801p1page-21/v1c9801p21",21,"https://www.gumtree.co.za/a-road-bikes/observatory/bike-frames/10010948119131011991523809",408
"409","https://www.gumtree.co.za/s-road-bikes/v1c9801p1page-21/v1c9801p21",21,"https://www.gumtree.co.za/a-road-bikes/crawford/made-to-order-motorized-bicycles-+-r3750/1001844259840910232698409",409
"410","https://www.gumtree.co.za/s-road-bikes/v1c9801p1page-21/v1c9801p21",21,"https://www.gumtree.co.za/a-road-bikes/other/wanted-+-vintage-bmx-not-for-sale/10011053473271010210985609",410
"411","https://www.gumtree.co.za/s-road-bikes/v1c9801p1page-21/v1c9801p21",21,"https://www.gumtree.co.za/a-road-bikes/kempton-park/road-bike-+-tandem-fuel-for-sale-r9000/10011027574971010251339509",411
"412","https://www.gumtree.co.za/s-road-bikes/v1c9801p1page-21/v1c9801p21",21,"https://www.gumtree.co.za/a-road-bikes/pietermaritzburg/titan-stryker-rs-road-bike/10011022993961010007581209",412
"413","https://www.gumtree.co.za/s-road-bikes/v1c9801p1page-21/v1c9801p21",21,"https://www.gumtree.co.za/a-road-bikes/milnerton/schwinn-road-bike/10011012198841010003909509",413
"414","https://www.gumtree.co.za/s-road-bikes/v1c9801p1page-21/v1c9801p21",21,"https://www.gumtree.co.za/a-road-bikes/goodwood/bicycle-repairs-43-spares/1002292021300910232815809",414
"415","https://www.gumtree.co.za/s-road-bikes/v1c9801p1page-21/v1c9801p21",21,"https://www.gumtree.co.za/a-road-bikes/constantia-kloof/11spd-campy-casette/10010994329211010307236409",415
"416","https://www.gumtree.co.za/s-road-bikes/v1c9801p1page-21/v1c9801p21",21,"https://www.gumtree.co.za/a-road-bikes/green-point-waterfront/electric-bike-commuting-road-e+bike-pedal-assist-e+bike-pedelec-electric-bikes/10010270850421010242303109",416
"417","https://www.gumtree.co.za/s-road-bikes/v1c9801p1page-21/v1c9801p21",21,"https://www.gumtree.co.za/a-road-bikes/kempton-park/road-mountain-bike-carbon-brand-new-r350/10010624884671010251339509",417
"418","https://www.gumtree.co.za/s-road-bikes/v1c9801p1page-21/v1c9801p21",21,"https://www.gumtree.co.za/a-road-bikes/kempton-park/road-bike-+-trek-alpha-2300-red-frame-for-sale-r900/10010769190801010251339509",418
"419","https://www.gumtree.co.za/s-road-bikes/v1c9801p1page-21/v1c9801p21",21,"https://www.gumtree.co.za/a-road-bikes/berea-musgrave/giant-defy-road-bike/10010902199021010035559709",419
"420","https://www.gumtree.co.za/s-road-bikes/v1c9801p1page-21/v1c9801p21",21,"https://www.gumtree.co.za/a-road-bikes/goodwood/specialized-roubaix-tubeless-tire-black-700x23-25c/10010780710961010003245709",420
"421","https://www.gumtree.co.za/s-road-bikes/v1c9801p1page-21/v1c9801p21",21,"https://www.gumtree.co.za/a-road-bikes/milnerton/vintage-bicycles-and-tri-cycles/10010623758001010033061109",421
"422","https://www.gumtree.co.za/s-road-bikes/v1c9801p1page-22/v1c9801p22",22,"https://www.gumtree.co.za/a-road-bikes/kempton-park/road-bike-+-merida-reacto-s-m-for-sale-r18450/10010893076651010251339509",422
"423","https://www.gumtree.co.za/s-road-bikes/v1c9801p1page-22/v1c9801p22",22,"https://www.gumtree.co.za/a-road-bikes/kempton-park/road-bike-+-giant-tt-trinity-for-sale-r9500/10010893076631010251339509",423
"424","https://www.gumtree.co.za/s-road-bikes/v1c9801p1page-22/v1c9801p22",22,"https://www.gumtree.co.za/a-road-bikes/kleinmond/garage-storage-finds-vintage-boomer-bike-ready-for-restoration-for-sale-in-kleinmond/10010892307931010001938209",424
"425","https://www.gumtree.co.za/s-road-bikes/v1c9801p1page-22/v1c9801p22",22,"https://www.gumtree.co.za/a-road-bikes/goodwood/cycling-memorabilia/1009441564790910232815809",425
"426","https://www.gumtree.co.za/s-road-bikes/v1c9801p1page-22/v1c9801p22",22,"https://www.gumtree.co.za/a-road-bikes/edgemead/spinning-bike/10010884328461010019935709",426
"427","https://www.gumtree.co.za/s-road-bikes/v1c9801p1page-22/v1c9801p22",22,"https://www.gumtree.co.za/a-road-bikes/vredenburg/tandem-bicycle/10010884616491010048895609",427
"428","https://www.gumtree.co.za/s-road-bikes/v1c9801p1page-22/v1c9801p22",22,"https://www.gumtree.co.za/a-road-bikes/centurion/avalanche-16-kids-bicycle-no-brakes/10010624339941010800747909",428
"429","https://www.gumtree.co.za/s-road-bikes/v1c9801p1page-22/v1c9801p22",22,"https://www.gumtree.co.za/a-road-bikes/kempton-park/mountain-road-bike-carbon-stems-90mm-110mm-brand-new-r850ea/10010278014911010251339509",429
"430","https://www.gumtree.co.za/s-road-bikes/v1c9801p1page-22/v1c9801p22",22,"https://www.gumtree.co.za/a-road-bikes/kempton-park/road-bike-+-eddy-merckx-m-fantastic-cond-r13500/10010881088531010251339509",430
"431","https://www.gumtree.co.za/s-road-bikes/v1c9801p1page-22/v1c9801p22",22,"https://www.gumtree.co.za/a-road-bikes/kempton-park/road-bike-+-eddy-merckx-m-fantastic-cond-r22500/10010881066511010251339509",431
"432","https://www.gumtree.co.za/s-road-bikes/v1c9801p1page-22/v1c9801p22",22,"https://www.gumtree.co.za/a-road-bikes/kempton-park/road-bike-+-merida-scultura-5000xl-carbon-r22500/10010872446941010251339509",432
"433","https://www.gumtree.co.za/s-road-bikes/v1c9801p1page-22/v1c9801p22",22,"https://www.gumtree.co.za/a-road-bikes/kempton-park/road-bike-+-tommasini-italian-ultra-light-for-sale-r9500/10010860296521010251339509",433
"434","https://www.gumtree.co.za/s-road-bikes/v1c9801p1page-22/v1c9801p22",22,"https://www.gumtree.co.za/a-road-bikes/kempton-park/road-bike-rims-accelerator-carbon-for-sale-r4950/10010707472121010251339509",434
"435","https://www.gumtree.co.za/s-road-bikes/v1c9801p1page-22/v1c9801p22",22,"https://www.gumtree.co.za/a-road-bikes/port-elizabeth/single-speed-road-bike-track-bike/10010044223331010672400609",435
"436","https://www.gumtree.co.za/s-road-bikes/v1c9801p1page-22/v1c9801p22",22,"https://www.gumtree.co.za/a-road-bikes/umhlanga/ar1-bike-helmut/10010515825021011086559709",436
"437","https://www.gumtree.co.za/s-road-bikes/v1c9801p1page-22/v1c9801p22",22,"https://www.gumtree.co.za/a-road-bikes/northern-pretoria/vintage-bicycle-brand-new/1003386543850910376561309",437
"438","https://www.gumtree.co.za/s-road-bikes/v1c9801p1page-22/v1c9801p22",22,"https://www.gumtree.co.za/a-road-bikes/athlone/display-bikes/1008222203470910167362309",438
"439","https://www.gumtree.co.za/s-road-bikes/v1c9801p1page-22/v1c9801p22",22,"https://www.gumtree.co.za/a-road-bikes/milnerton/bmx-dv-8/1008964943210910033061109",439
"440","https://www.gumtree.co.za/s-road-bikes/v1c9801p1page-22/v1c9801p22",22,"https://www.gumtree.co.za/a-road-bikes/kempton-park/tandem-road-bike-+-fantastic-cond-r9500/10010491903931010251339509",440
"441","https://www.gumtree.co.za/s-road-bikes/v1c9801p1page-22/v1c9801p22",22,"https://www.gumtree.co.za/a-road-bikes/goodwood/stealth-motorbike-helmet/1002833789770910003245709",441
"442","https://www.gumtree.co.za/s-road-bikes/v1c9801p1page-23/v1c9801p23",23,"https://www.gumtree.co.za/a-road-bikes/goodwood/motorbike-helmet-blue-silver/1002833830270910003245709",442
"443","https://www.gumtree.co.za/s-road-bikes/v1c9801p1page-23/v1c9801p23",23,"https://www.gumtree.co.za/a-road-bikes/alberton/mongoose-bmx-legion-l100/10010205470701012965969809",443
"444","https://www.gumtree.co.za/s-road-bikes/v1c9801p1page-23/v1c9801p23",23,"https://www.gumtree.co.za/a-road-bikes/lansdowne/mavic-ksyrium-elite-ust/1009554653970910001645509",444
"445","https://www.gumtree.co.za/s-road-bikes/v1c9801p1page-23/v1c9801p23",23,"https://www.gumtree.co.za/a-road-bikes/tableview/step-scooter-from-uk/1009311496780910167611509",445
"446","https://www.gumtree.co.za/s-road-bikes/v1c9801p1page-23/v1c9801p23",23,"https://www.gumtree.co.za/a-road-bikes/morningside/brand-new-segways-for-sale/10010626655001010133178309",446
"447","https://www.gumtree.co.za/s-road-bikes/v1c9801p1page-23/v1c9801p23",23,"https://www.gumtree.co.za/a-road-bikes/athlone/track-130-bcd-48t-bicycle-chain-ring/10010710556401013012459309",447
"448","https://www.gumtree.co.za/s-road-bikes/v1c9801p1page-23/v1c9801p23",23,"https://www.gumtree.co.za/a-road-bikes/athlone/130bcd-48t-bicycle-crank-set/10010710473871013012459309",448
"449","https://www.gumtree.co.za/s-road-bikes/v1c9801p1page-23/v1c9801p23",23,"https://www.gumtree.co.za/a-road-bikes/athlone/52t-track-chain-ring/10010710426821013012459309",449
"450","https://www.gumtree.co.za/s-road-bikes/v1c9801p1page-23/v1c9801p23",23,"https://www.gumtree.co.za/a-road-bikes/athlone/carbon-future-carbon-fibre-bicycle-seat-post-27-2mm/10010710378701013012459309",450
"451","https://www.gumtree.co.za/s-road-bikes/v1c9801p1page-23/v1c9801p23",23,"https://www.gumtree.co.za/a-road-bikes/morningside/2021-merida-reacto-5000-bahrain-mclaren-carbon-fibre/10010001995071011559590009",451
"452","https://www.gumtree.co.za/s-road-bikes/v1c9801p1page-23/v1c9801p23",23,"https://www.gumtree.co.za/a-road-bikes/crawford/on-sale-imported-vintage-koga-silverace-single-speed-+-r/10010508839171010232698409",452
"453","https://www.gumtree.co.za/s-road-bikes/v1c9801p1page-23/v1c9801p23",23,"https://www.gumtree.co.za/a-road-bikes/crawford/imported-vintage-peugeot-hybrid-3-speed-r/10010114238171010232698409",453
"454","https://www.gumtree.co.za/s-road-bikes/v1c9801p1page-23/v1c9801p23",23,"https://www.gumtree.co.za/a-road-bikes/crawford/imported-vintage-union-hybrid-from-holland-single-speed-+-r/1009967617230910232698409",454
"455","https://www.gumtree.co.za/s-road-bikes/v1c9801p1page-23/v1c9801p23",23,"https://www.gumtree.co.za/a-road-bikes/crawford/on-sale-imported-vintage-juncker-dutch-hybrid-3-speed-+-r/10010242280891010232698409",455
"456","https://www.gumtree.co.za/s-road-bikes/v1c9801p1page-23/v1c9801p23",23,"https://www.gumtree.co.za/a-road-bikes/green-point-waterfront/electric-folding-bike-e+folding-bike-urban-electric-bike-commuting-electric-bicycle/10010270993181010242303109",456
"457","https://www.gumtree.co.za/s-road-bikes/v1c9801p1page-23/v1c9801p23",23,"https://www.gumtree.co.za/a-road-bikes/crawford/on-sale-imported-vintage-dutch-veda-flyer-3-speed-+-r/10010242756391010232698409",457
"458","https://www.gumtree.co.za/s-road-bikes/v1c9801p1page-23/v1c9801p23",23,"https://www.gumtree.co.za/a-road-bikes/crawford/sold-out-on-sale-new-purple-schwinn-s1/1008180904550910232698409",458
"459","https://www.gumtree.co.za/s-road-bikes/v1c9801p1page-23/v1c9801p23",23,"https://www.gumtree.co.za/a-road-bikes/crawford/limited-stock-diamondback-della-16-bmx+pink-+-r1599/1009894002860910232698409",459
"460","https://www.gumtree.co.za/s-road-bikes/v1c9801p1page-23/v1c9801p23",23,"https://www.gumtree.co.za/a-road-bikes/crawford/imported-vintage-batavus-florence-3-speed-+-r/10010137495701010232698409",460
"461","https://www.gumtree.co.za/s-road-bikes/v1c9801p1page-23/v1c9801p23",23,"https://www.gumtree.co.za/a-road-bikes/crawford/imported-vintage-sparta-young-fashion-3-speed-+-r/10010137289191010232698409",461
"462","https://www.gumtree.co.za/s-road-bikes/v1c9801p1page-24/v1c9801p24",24,"https://www.gumtree.co.za/a-road-bikes/crawford/imported-vintage-sparta-somerset-3-speed-+-r/10010118006731010232698409",462
"463","https://www.gumtree.co.za/s-road-bikes/v1c9801p1page-24/v1c9801p24",24,"https://www.gumtree.co.za/a-road-bikes/sandton/axis-cycle/1009981924040912689891909",463
"464","https://www.gumtree.co.za/s-road-bikes/v1c9801p1page-24/v1c9801p24",24,"https://www.gumtree.co.za/a-road-bikes/howick/convert-your-bicycle-to-electric-e+bike-kits-mid-drive-motors-hub-motor-e+bikes-conversions/1001643753000910242303109",464
"465","https://www.gumtree.co.za/s-road-bikes/v1c9801p1page-24/v1c9801p24",24,"https://www.gumtree.co.za/a-road-bikes/ballitoville/tecno-train-ttm9303-commercial-upright-bike-12kg-flywheel/1008387417990912672731409",465
"466","https://www.gumtree.co.za/s-road-bikes/v1c9801p1page-24/v1c9801p24",24,"https://www.gumtree.co.za/a-road-bikes/melville/titan-motor-bike-front-wheel-lock/1007182508990910004723909",466
